block,timestamp,v2_usdc,v2_eth,price_v2,v3_005_usdc,v3_005_eth,price_v3_005,v3_03_usdc,v3_03_eth,price_v3_03
19000001,1705173455,49422848.731754,19269.708359789216,2564.794848420561,105712388.732375,11833.671988531853,2563.524519513015,44624721.247691,13228.419967437125,2563.858237826599
19000013,1705173599,49417736.797147,19271.707680520267,2564.2635108614772,105659897.061858,11854.224473853106,2563.040805148399,44624721.247691,13228.419967437125,2563.858237826599
19000014,1705173611,49417736.797147,19271.707680520267,2564.2635108614772,105652812.270166,11856.990105130873,2562.9757525972095,44624721.247691,13228.419967437125,2563.858237826599
19000062,1705174187,49446004.034448,19260.72468464416,2567.193334831758,106691133.502025,11452.902805340455,2572.561493566226,44737771.342661,13184.489031053161,2566.6793546694616
19000067,1705174247,49446004.034448,19260.72468464416,2567.193334831758,106865106.085351,11385.331624189474,2574.1746822744494,44737771.342661,13184.489031053161,2566.6793546694616
19000113,1705174799,49459990.354056,19255.299408795447,2568.64301634612,106999844.814836,11329.378622427232,2575.5113408382617,44862830.161617,13135.955636638337,2569.8004707469427
19000115,1705174823,49460324.631092,19255.169662483055,2568.677684905625,106999844.814836,11329.378622427232,2575.5113408382617,44862830.161617,13135.955636638337,2569.8004707469427
19000162,1705175387,49487513.91708,19244.62702665683,2571.497688603267,106955399.409037,11346.725953557538,2575.0965447631474,44900123.544355,13121.489623458876,2570.7317184411672
19000164,1705175411,49487513.91708,19244.62702665683,2571.497688603267,107076632.339156,11299.688715889693,2576.224766839242,44900123.544355,13121.489623458876,2570.7317184411672
19000212,1705175987,49487965.906041,19244.476175150834,2571.541332465139,106530343.201568,11512.066875176039,2571.138466519183,44896745.954307,13122.807461889859,2570.6471163743113
19000214,1705176011,49487965.906041,19244.476175150834,2571.541332465139,106795064.457087,11409.208848221255,2573.601902223252,44896745.954307,13122.807461889859,2570.6471163743113
19000262,1705176599,49477639.754345,19248.51632509714,2570.4651163078825,106280467.865185,11609.773987165152,2568.8097271866086,44876939.368721,13117.029975560612,2570.6471163743113
19000263,1705176611,49476502.184229,19248.960221162153,2570.3467416299677,106279534.223325,11610.13762269744,2568.8010479668906,44876939.368721,13117.029975560612,2570.6471163743113
19000311,1705177187,49471380.429936,19250.962574844085,2569.8133398577174,106445452.565168,11545.623338709993,2570.3426134681317,44876939.368721,13117.029975560612,2570.6471163743113
19000313,1705177211,49470332.772901,19251.371488480512,2569.7043352211385,106445452.565168,11545.623338709993,2570.3426134681317,44876939.368721,13117.029975560612,2570.6471163743113
19000360,1705177775,49459571.974452,19255.594629309413,2568.581907056164,106351937.989737,11582.058320632163,2569.472766845011,44870278.132628,13119.629125487632,2570.479885860808
19000370,1705177895,49459571.974452,19255.594629309413,2568.581907056164,106295484.037091,11604.042582891718,2568.9479243986475,44870278.132628,13119.629125487632,2570.479885860808
19000412,1705178399,49464746.29663,19253.59451181922,2569.1174843359786,106533162.706362,11511.660887368456,2571.1564420995005,44870278.132628,13119.629125487632,2570.479885860808
19000414,1705178423,49464746.29663,19253.59451181922,2569.1174843359786,106525453.201363,11514.660887368456,2571.0846786753677,44870278.132628,13119.629125487632,2570.479885860808
19000461,1705178999,49500059.279757,19239.946834466333,2572.7752631354924,107286448.757557,11219.28598924429,2578.16649364171,44924733.117324,13098.51352366201,2571.843036960339
19000462,1705179011,49500759.279757,19239.675574801942,2572.8479197740617,107286448.757557,11219.28598924429,2578.16649364171,44924733.117324,13098.51352366201,2571.843036960339
19000511,1705179599,49494074.804837,19242.289282323716,2572.151061584085,106128010.194997,11665.278569139018,2567.4895318039976,44913646.284047,13102.839272203524,2571.5645854439463
19000512,1705179611,49494074.804837,19242.289282323716,2572.151061584085,106119189.099588,11668.718600487406,2567.407910958606,44913646.284047,13102.839272203524,2571.5645854439463
19000561,1705180199,49493052.266548,19242.696865484584,2572.0434413391995,105945164.38825,11737.093504128621,2565.8222135353867,44907833.039481,13105.10672537172,2571.41861743712
19000562,1705180211,49493052.266548,19242.696865484584,2572.0434413391995,105942878.680117,11737.984783006057,2565.801101334047,44907833.039481,13105.10672537172,2571.41861743712
19000611,1705180799,49487347.047406,19244.9243877622,2571.4492845123823,106432395.591273,11547.569021690466,2570.330551094801,44901358.233712,13107.632371681164,2571.2560427971894
19000612,1705180811,49487347.047406,19244.9243877622,2571.4492845123823,106432346.474961,11547.588140199086,2570.330094860916,44901358.233712,13107.632371681164,2571.2560427971894
19000661,1705181399,49488873.395156,19244.3369398853,2571.6070940634327,106138721.611614,11662.150218794333,2567.6063586759915,44901358.233712,13107.632371681164,2571.2560427971894
19000662,1705181411,49489071.975842,19244.259951393415,2571.6277009788914,106141511.006714,11661.064426872463,2567.6321176778556,44901358.233712,13107.632371681164,2571.2560427971894
19000711,1705181999,49499802.22558,19240.111610323675,2572.7398690878626,106075264.128431,11691.592026444427,2566.9598300965326,44901358.233712,13107.632371681164,2571.2560427971894
19000712,1705182011,49499649.964303,19240.170971127183,2572.724017815891,106066839.55109,11694.87566452111,2566.8820709408546,44901358.233712,13107.632371681164,2571.2560427971894
19000761,1705182599,49487052.007904,19245.08575201813,2571.412393042445,105769333.766867,11814.850208868445,2564.0763436216794,44895398.369569,13109.957294360962,2571.106402269079
19000763,1705182623,49477747.259013,19248.715859062842,2570.4440556598206,105769333.766867,11814.850208868445,2564.0763436216794,44895398.369569,13109.957294360962,2571.106402269079
19000811,1705183199,49475345.996387,19249.663503302247,2570.192771832068,106770412.111626,11425.842439317883,2573.321384708142,44857188.15932,13124.866182355894,2570.1471221006955
19000812,1705183211,49475851.482044,19249.467423042417,2570.2452122295776,106820461.427582,11406.404611418118,2573.7857135320396,44857188.15932,13124.866182355894,2570.1471221006955
19000859,1705183775,49480655.171233,19247.61044673614,2570.742758336713,106779910.784655,11421.53856492983,2573.425466160034,44852142.305355,13127.578182424546,2569.9953607494617
19000863,1705183823,49480655.171233,19247.61044673614,2570.742758336713,106779831.492149,11421.569411563132,2573.424729683373,44852142.305355,13127.578182424546,2569.9953607494617
19000911,1705184399,49484632.478887,19246.07054823624,2571.1551017577403,106686342.508021,11458.027290813985,2572.5554853156527,44845389.322535,13130.17611752027,2569.8277730673653
19000913,1705184423,49484716.109133,19246.03811953728,2571.163779359839,106686342.508021,11458.027290813985,2572.5554853156527,44845389.322535,13130.17611752027,2569.8277730673653
19000961,1705184999,49485221.82356,19245.853652603735,2571.2146998927865,106295821.331092,11602.035034566032,2569.047976853905,44842407.392559,13128.976646967827,2569.8277730673653
19000962,1705185011,49485766.82356,19245.642328736554,2571.271250825987,106167575.190625,11651.99128118491,2567.860473999999,44842407.392559,13128.976646967827,2569.8277730673653
19001009,1705185599,49484701.15334,19246.06450480577,2571.1594773561937,106317883.146198,11593.665531575392,2569.2500260029374,44842407.392559,13128.976646967827,2569.8277730673653
19001010,1705185611,49484701.15334,19246.06450480577,2571.1594773561937,106319487.133452,11593.041543795733,2569.2649009368415,44842407.392559,13128.976646967827,2569.8277730673653
19001056,1705186163,49472614.777381,19250.78119536897,2569.9016717972095,106247825.629568,11621.012928175001,2568.599303066152,44842407.392559,13128.976646967827,2569.8277730673653
19001060,1705186211,49472662.080882,19250.76284387091,2569.9065788778953,106247825.629568,11621.012928175001,2568.599303066152,44842407.392559,13128.976646967827,2569.8277730673653
19001108,1705186787,49465618.217928,19253.53456770633,2569.1707693451754,107054929.459841,11307.561730258998,2576.086040479987,44842407.392559,13128.976646967827,2569.8277730673653
19001111,1705186823,49465643.217928,19253.52486613735,2569.1733623762066,106939481.88139,11352.40859114224,2575.0140073187367,44842407.392559,13128.976646967827,2569.8277730673653
19001159,1705187399,49502898.57063,19239.081119230814,2573.038611555537,107292330.872375,11219.702997351014,2578.2878956622612,44928444.762239,13095.611244086198,2571.9812677297055
19001161,1705187423,49502903.077317,19239.079372981647,2573.0390793457755,107292330.872375,11219.702997351014,2578.2878956622612,44928444.762239,13095.611244086198,2571.9812677297055
19001208,1705187987,49579176.715089,19209.598059609652,2580.9585687966483,108130139.309888,10895.667299212262,2587.516800865922,45283692.140134,13258.148774960833,2580.882329620505
19001211,1705188023,49579176.715089,19209.598059609652,2580.9585687966483,108127672.434439,10896.621155937768,2587.494159729735,45283692.140134,13258.148774960833,2580.882329620505
19001259,1705188599,49578936.699429,19209.701503108005,2580.9321759324293,107824766.900163,11014.011632277385,2584.299451836877,45280381.512183,13259.435405991606,2580.799055600894
19001262,1705188635,49578936.699429,19209.701503108005,2580.9321759324293,107807430.963128,11020.723422636796,2584.100758649327,45280381.512183,13259.435405991606,2580.799055600894
19001309,1705189199,49577570.883163,19210.2508578832,2580.7872708137043,107609027.579733,11097.619278359405,2581.8261175300627,45280376.495943,13259.43735551752,2580.7989294256963
19001311,1705189223,49580127.35485,19209.263310545623,2581.0530343259543,107598272.760619,11101.787620767269,2581.7028679387918,45280376.495943,13259.43735551752,2580.7989294256963
19001358,1705189799,49573788.149357,19211.74586196295,2580.3895442687176,107109148.33645,11311.168914191354,2576.351323032554,45280376.495943,13259.43735551752,2580.7989294256963
19001359,1705189811,49573857.657222,19211.719005845556,2580.3967693957084,107111378.64895,11310.30366402968,2576.371997373442,45280376.495943,13259.43735551752,2580.7989294256963
19001406,1705190399,49561641.728905,19216.49477145203,2579.1197780010134,107201769.42185,11278.6243304491,2577.2230121191124,45274056.972917,13261.893468536617,2580.639974770843
19001408,1705190423,49561139.600032,19216.690049274977,2579.0674394470907,107206801.991543,11276.67261425121,2577.2696478777652,45274056.972917,13261.893468536617,2580.639974770843
19001456,1705190999,49562886.818674,19216.02664657174,2579.247402715084,106942232.349008,11384.225094992536,2574.7508559999997,45245600.526378,13272.955077953122,2579.9242718079977
19001457,1705191011,49562846.758674,19216.04222498196,2579.243227007456,106942232.349008,11384.225094992536,2574.7508559999997,45245600.526378,13272.955077953122,2579.9242718079977
19001504,1705191575,49536833.829046,19226.169700089948,2576.5316025903094,106589165.803304,11521.76342727045,2571.4993283421595,45177999.353983,13299.24535904423,2578.2244448755737
19001507,1705191611,49535747.300477,19226.592680295635,2576.418407783907,106522270.728389,11547.793623943418,2570.8839448772446,45177999.353983,13299.24535904423,2578.2244448755737
19001555,1705192199,49492686.200087,19243.429667997632,2571.9264732936217,106097879.394463,11704.628130882238,2567.1871804711704,44982428.496422,13375.401086068237,2573.309983248609
19001556,1705192211,49491942.590159,19243.71966799763,2571.849073049233,106097622.804222,11704.728130882237,2567.1848333224384,44982428.496422,13375.401086068237,2573.309983248609
19001605,1705192799,49494161.51327,19242.872410490294,2572.077622168723,106267606.714454,11648.331595783706,2568.657950186824,44898027.969281,13408.311763128566,2571.1905472213334
19001609,1705192847,49494161.51327,19242.872410490294,2572.077622168723,106185577.893006,11680.28715530602,2567.906159904873,44898027.969281,13408.311763128566,2571.1905472213334
19001655,1705193399,49525805.315062,19230.630647942944,2575.360435221071,106135590.046287,11699.907637625673,2567.447353777096,44915040.826832,13401.716574100381,2571.6163795874927
19001657,1705193423,49525524.144825,19230.740154124705,2575.3311493942947,106137570.809988,11699.136534632626,2567.4654577772744,44915040.826832,13401.716574100381,2571.6163795874927
19001704,1705193999,49468890.332705,19252.84349469747,2569.4329435716595,105820395.180527,11821.460692437828,2564.590790570754,44826784.880602,13436.153929412729,2569.400878075693
19001706,1705194023,49468890.332705,19252.84349469747,2569.4329435716595,105820695.180597,11821.343773236234,2564.5935506321257,44826784.880602,13436.153929412729,2569.400878075693
19001753,1705194599,49469153.007169,19252.754259721245,2569.4584961624732,106191823.906627,11676.908227272697,2567.9918852698543,44820449.49387,13438.627131146548,2569.2418766940855
19001754,1705194611,49469153.007169,19252.754259721245,2569.4584961624732,106189257.210469,11677.908227272697,2567.968411770874,44820449.49387,13438.627131146548,2569.2418766940855
19001802,1705195187,49468681.833436,19252.939791913333,2569.4092625903268,106093488.369995,11715.425480354488,2567.0903109297797,44820449.49387,13438.627131146548,2569.2418766940855
19001804,1705195211,49468557.520217,19252.98831964152,2569.396329490843,106098613.590945,11713.429987020256,2567.1371518571805,44820449.49387,13438.627131146548,2569.2418766940855
19001851,1705195787,49464084.361983,19254.73528742114,2568.9308953677087,106448266.909956,11577.446659515186,2570.342428118056,44820449.49387,13438.627131146548,2569.2418766940855
19001854,1705195823,49464084.361983,19254.73528742114,2568.9308953677087,106450057.855281,11576.750318801125,2570.358882789746,44820449.49387,13438.627131146548,2569.2418766940855
19001900,1705196375,49469531.639142,19252.624362355524,2569.4954987990786,106606432.423504,11515.982512644652,2571.7957353092484,44817110.8117,13439.93054402971,2569.1580866179356
19001903,1705196411,49469531.639142,19252.624362355524,2569.4954987990786,106591632.038036,11521.740427637811,2571.6596250888488,44817110.8117,13439.93054402971,2569.1580866179356
19001952,1705196999,49475838.05111,19250.181712838577,2570.1491440007,106210799.993772,11670.066708361273,2568.158957109465,44817174.398613,13439.93054402971,2569.1580866179356
19001953,1705197011,49475815.190965,19250.190634088576,2570.146765370331,106164461.8599,11688.124158308,2567.7351360858065,44817174.398613,13439.93054402971,2569.1580866179356
19002001,1705197587,49472934.979002,19251.319383187634,2569.8464606123152,106247665.977954,11655.863335287566,2568.495006950514,44817134.22646,13439.904426559035,2569.1580866179356
19002002,1705197611,49470534.189375,19252.25668878622,2569.5966446463335,106231972.953792,11661.976376326103,2568.3507977085883,44810888.098221,13442.343013025353,2569.001332760024
19002051,1705198199,49466661.288919,19253.774370047828,2569.1929456632624,105763775.374883,11844.56186576225,2564.0576539814087,44810888.098221,13442.343013025353,2569.001332760024
19002055,1705198247,49466661.288919,19253.774370047828,2569.1929456632624,105764936.536733,11844.109232082303,2564.068335798409,44810888.098221,13442.343013025353,2569.001332760024
19002101,1705198799,49428773.909058,19268.584604779717,2565.2519332840266,105291820.056042,12028.914708236718,2559.724824156832,44672605.923765,13496.368680645046,2565.532072226309
19002102,1705198811,49428773.909058,19268.584604779717,2565.2519332840266,105293070.056042,12028.426619754675,2559.7362816412383,44672605.923765,13496.368680645046,2565.532072226309
19002149,1705199375,49405390.136141,19277.732263082984,2562.8216774621737,105346030.582465,12162.262240457347,2556.8171869235007,44573953.682504,13534.955939611493,2563.057140954339
19002152,1705199411,49405262.725658,19277.782127728584,2562.8084391821685,105319641.519208,12172.589434462985,2556.575340248132,44573953.682504,13534.955939611493,2563.057140954339
19002201,1705199999,49407475.878462,19276.947661363316,2563.0341870714906,105626860.347479,12052.63353968633,2559.382899219415,44523884.132818,13554.390640320777,2561.803924464384
19002203,1705200023,49407475.878462,19276.947661363316,2563.0341870714906,105602131.394674,12062.30087563006,2559.157231254638,44523884.132818,13554.390640320777,2561.803924464384
19002249,1705200575,49402566.568991,19278.87197374773,2562.5237117743745,105897879.578951,11946.97714584157,2561.8539727087814,44523884.132818,13554.390640320777,2561.803924464384
19002253,1705200623,49402567.568991,19278.871584678163,2562.523815359275,105897672.083008,11947.058180834976,2561.852078258356,44523884.132818,13554.390640320777,2561.803924464384
19002300,1705201187,49418862.702161,19272.54133721356,2564.211010757444,105704254.486447,12022.646927232758,2560.086155024078,44521775.092544,13555.216389804847,2561.7510389893973
19002303,1705201223,49418862.702161,19272.54133721356,2564.211010757444,105704616.719048,12022.505505722538,2560.0894595098825,44521775.092544,13555.216389804847,2561.7510389893973
19002349,1705201775,49407003.786169,19277.18311894738,2562.9783916721353,105321324.531813,12167.559719888763,2556.6977300415883,44521775.092544,13555.216389804847,2561.7510389893973
19002352,1705201811,49407003.786169,19277.18311894738,2562.9783916721353,105510392.008819,12093.691395442887,2558.427947636937,44521775.092544,13555.216389804847,2561.7510389893973
19002401,1705202399,49404230.790611,19278.27656105892,2562.689181999022,105544131.434072,12080.647258519653,2558.7340585999673,44521769.583579,13555.21854674428,2561.750900849444
19002402,1705202411,49404180.855039,19278.296105325702,2562.683993705798,105544131.434072,12080.647258519653,2558.7340585999673,44521769.583579,13555.21854674428,2561.750900849444
19002447,1705202963,49383328.40362,19286.46374863967,2560.5175239604587,104993535.321157,12296.186491910412,2553.7032990399985,44461477.550625,13578.831811863982,2560.2392721457277
19002451,1705203011,49383328.40362,19286.46374863967,2560.5175239604587,105005930.666046,12291.335155510267,2553.8160303327054,44461477.550625,13578.831811863982,2560.2392721457277
19002500,1705203599,49385434.658074,19285.669985395787,2560.7321236685825,105088333.511235,12259.124251428088,2554.5651142304146,44461477.550625,13578.831811863982,2560.2392721457277
19002501,1705203611,49382503.263137,19286.818246899315,2560.4276781669823,105088333.511235,12259.124251428088,2554.5651142304146,44461477.550625,13578.831811863982,2560.2392721457277
19002550,1705204199,49345580.598954,19301.296063152135,2556.594149817692,104781838.467439,12379.377923407095,2551.7748592358985,44323980.15381,13632.734596521816,2556.793636174257
19002551,1705204211,49345877.598954,19301.180242178685,2556.6248788827393,104781537.919496,12379.495762350802,2551.7721255734846,44323980.15381,13632.734596521816,2556.793636174257
19002599,1705204787,49347043.687471,19300.72631707519,2556.745423814133,104753790.297345,12438.473843500395,2550.961917871359,44264170.87237,13606.983826066442,2556.793636174257
19002601,1705204811,49347043.687471,19300.72631707519,2556.745423814133,104752642.940795,12438.923843500394,2550.9514847910846,44264170.87237,13606.983826066442,2556.793636174257
19002647,1705205363,49332331.717569,19306.501032099273,2555.2186610897716,104865857.464912,12394.739544599455,2551.978625144504,44194327.679668,13634.392121605097,2555.0424335409457
19002651,1705205411,49333180.717569,19306.169773373927,2555.306479569385,104865857.464912,12394.739544599455,2551.978625144504,44194327.679668,13634.392121605097,2555.0424335409457
19002698,1705205987,49322426.214355,19310.412454323105,2554.188126795447,104379394.292631,12585.873420811116,2547.4640478395063,44144392.612713,13653.999465399684,2553.790762051568
19002700,1705206011,49316408.432821,19312.776342660487,2553.5638976921573,104721965.283815,12451.549931242718,2550.6656564723608,44144392.612713,13653.999465399684,2553.790762051568
19002749,1705206599,49306573.35581,19316.641390111537,2552.5438071781327,104589835.659346,12503.677390761964,2549.4313600069904,44144392.612713,13653.999465399684,2553.790762051568
19002750,1705206611,49306573.35581,19316.641390111537,2552.5438071781327,104591784.695844,12502.913297224577,2549.449621396711,44144392.612713,13653.999465399684,2553.790762051568
19002799,1705207199,49307408.362477,19316.33851903846,2552.627057859796,103894675.590514,12713.351546240256,2544.4575680000003,44077644.74019,13680.223482927526,2552.1181399999996
19002800,1705207211,49307408.362477,19316.33851903846,2552.627057859796,104011024.573614,12667.657739544364,2545.545628819742,44077644.74019,13680.223482927526,2552.1181399999996
19002847,1705207775,49289768.794204,19323.290413889248,2550.795839552013,103905023.23413,12689.965037628015,2544.667367591527,43987311.793435,13715.741032741635,2549.8486808640696
19002855,1705207871,49289768.794204,19323.290413889248,2550.795839552013,103909773.23413,12688.099338546273,2544.7117789633617,43987311.793435,13715.741032741635,2549.8486808640696
19002899,1705208399,49292883.584301,19322.090684402407,2551.1154247967725,103745763.716908,12752.696754264736,2543.176661286876,43985847.980036,13716.316842885193,2549.8115814085204
19002902,1705208435,49292883.584301,19322.090684402407,2551.1154247967725,103747250.591908,12752.112395527896,2543.1905591007435,43985847.980036,13716.316842885193,2549.8115814085204
19002948,1705208999,49294258.314807,19321.60642378666,2551.2505137316775,104065245.556928,12633.643661187123,2546.0848264567226,43983281.265219,13717.326513949136,2549.746530242444
19002949,1705209011,49294258.314807,19321.60642378666,2551.2505137316775,104065984.567103,12633.355227119273,2546.0916974422944,43983281.265219,13717.326513949136,2549.746530242444
19002997,1705209599,49297765.86874,19320.253239489495,2551.6107505246455,104315329.610455,12535.5879269679,2548.416384234626,43960522.369534,13726.280329487985,2549.169762024271
19002998,1705209611,49297765.86874,19320.253239489495,2551.6107505246455,104321539.481803,12533.152416073479,2548.474314647262,43960522.369534,13726.280329487985,2549.169762024271
19003046,1705210187,49299526.335476,19319.586021625608,2551.789995929105,104477744.677263,12471.942784189678,2549.93130619278,43960522.369534,13726.280329487985,2549.169762024271
19003049,1705210223,49299526.335476,19319.586021625608,2551.789995929105,104490308.550219,12467.01821923704,2550.048547087852,43960522.369534,13726.280329487985,2549.169762024271
19003097,1705210799,49293231.288057,19322.06208534519,2551.1371959333173,104800637.275031,12345.590568719808,2552.8672673143597,44020553.936518,13702.808499492698,2550.683436370236
19003099,1705210823,49293231.288057,19322.06208534519,2551.1371959333173,104666384.162291,12398.218561029118,2551.6510999999996,44020553.936518,13702.808499492698,2550.683436370236
19003145,1705211387,49289876.541544,19323.383988601727,2550.789063169194,104654467.880843,12403.016903052041,2551.541713284782,44020553.936518,13702.808499492698,2550.683436370236
19003149,1705211435,49289876.541544,19323.383988601727,2550.789063169194,104810014.901999,12323.467637761398,2553.1393301050985,44020553.936518,13702.808499492698,2550.683436370236
19003193,1705211963,49283181.678474,19326.026273856656,2550.09389825481,104720289.052323,12358.642202923684,2552.32419257145,43988910.795118,13715.253522494522,2549.8846424514295
19003199,1705212035,49283181.678474,19326.026273856656,2550.09389825481,104704920.206391,12364.667281826438,2552.1845950045536,43988910.795118,13715.253522494522,2549.8846424514295
19003243,1705212563,49287906.837422,19324.18180650797,2550.581821830246,104809176.371617,12314.866456012698,2553.5296376664387,44065101.872313,13685.506660381174,2551.792615568776
19003247,1705212611,49287906.837422,19324.18180650797,2550.581821830246,104814104.938138,12312.937338350386,2553.574332951817,44065101.872313,13685.506660381174,2551.792615568776
19003295,1705213187,49286215.05639,19324.856988069998,2550.4051640235343,104952741.150217,12277.488507938711,2554.6177756537118,44065101.872313,13685.506660381174,2551.792615568776
19003299,1705213235,49286215.05639,19324.856988069998,2550.4051640235343,104955580.513429,12276.377606216076,2554.6434167841508,44065101.872313,13685.506660381174,2551.792615568776
19003344,1705213775,49288396.959314,19324.00621789696,2550.6303611962967,104981202.405462,12266.900144830923,2554.8684948724176,44070220.942619,13683.506660381176,2551.920481028375
19003354,1705213895,49288396.959314,19324.00621789696,2550.6303611962967,104900945.628934,12298.333591339539,2554.1433838053367,44070220.942619,13683.506660381176,2551.920481028375
19003394,1705214375,49308771.358238,19316.04877449919,2552.7359106348304,104373506.058165,12505.27161073871,2549.3455360579514,44070220.942619,13683.506660381176,2551.920481028375
19003397,1705214435,49308771.358238,19316.04877449919,2552.7359106348304,104373006.058165,12505.467837799775,2549.3408769931966,44070220.942619,13683.506660381176,2551.920481028375
19003442,1705214975,49323670.622932,19310.232529546352,2554.2763686280036,104698389.882656,12377.974219602189,2552.3106926090554,44070220.942619,13683.506660381176,2551.920481028375
19003445,1705215011,49323670.622932,19310.232529546352,2554.2763686280036,104841061.546579,12322.117241962462,2553.5986750000084,44070220.942619,13683.506660381176,2551.920481028375
19003494,1705215599,49321293.851308,19311.17281057378,2554.0289207241867,104815531.334061,12332.163106583852,2553.3675664810253,44070220.942619,13683.506660381176,2551.920481028375
19003495,1705215611,49321293.851308,19311.17281057378,2554.0289207241867,104817031.334061,12331.575942383979,2553.381109037831,44070220.942619,13683.506660381176,2551.920481028375
19003543,1705216187,49311693.021118,19314.945170800456,2553.0330314199077,104626854.02579,12406.296268665925,2551.661511697874,44070220.942619,13683.506660381176,2551.920481028375
19003549,1705216259,49308981.991445,19316.010310461286,2552.7518984984144,104623904.368048,12405.453302271937,2551.661511697874,44070220.942619,13683.506660381176,2551.920481028375
19003594,1705216799,49305745.380732,19317.28759709644,2552.41555694098,104131103.712283,12598.865020026966,2547.109737914763,44070220.942619,13683.506660381176,2551.920481028375
19003595,1705216811,49305745.380732,19317.28759709644,2552.41555694098,104132046.748147,12598.494968157298,2547.1185170808403,44070220.942619,13683.506660381176,2551.920481028375
19003634,1705217279,49297060.438129,19320.710645143365,2551.513831118876,104108212.642982,12598.036149594116,2547.1304791441316,44067179.903522,13684.701930853864,2551.8442922177624
19003647,1705217435,49297060.438129,19320.710645143365,2551.513831118876,104111257.600333,12596.841307805755,2547.158826259559,44067179.903522,13684.701930853864,2551.8442922177624
19003694,1705217999,49294595.633732,19321.682372352923,2551.2579434732256,103905036.230989,12682.471332751551,2545.182627023379,44062346.059583,13686.601930853863,2551.7231896306757
19003697,1705218035,49294595.633732,19321.682372352923,2551.2579434732256,103907444.902648,12681.52544513665,2545.2050365826835,44062346.059583,13686.601930853863,2551.7231896306757
19003743,1705218587,49288270.847973,19324.189537636143,2550.599638446842,104192678.333837,12569.58726427976,2547.8593449045015,44062014.782242,13686.732146664694,2551.714890224453
19003745,1705218611,49288270.847973,19324.189537636143,2550.599638446842,104268611.619051,12539.803519558276,2548.566239626539,44062014.782242,13686.732146664694,2551.714890224453
19003792,1705219187,49292022.814093,19322.72433675288,2550.987218729653,104284709.845765,12531.821244421413,2548.7447904622545,44062014.782242,13686.732146664694,2551.714890224453
19003795,1705219235,49292022.814093,19322.72433675288,2550.987218729653,104284791.071724,12531.789391356227,2548.7455467766754,44062014.782242,13686.732146664694,2551.714890224453
19003839,1705219775,49290855.181914,19323.19728684415,2550.8643549104986,104000719.61777,12643.366567940153,2546.0997567701693,44061987.254767,13686.742966960644,2551.7142005862775
19003846,1705219859,49288846.234984,19323.987244189706,2550.6561152281897,104000719.61777,12643.366567940153,2546.0997567701693,44061987.254767,13686.742966960644,2551.7142005862775
19003890,1705220387,49290663.175049,19323.296473500533,2550.8413247524786,104184166.4633,12571.379540115278,2547.807238914619,44061987.254767,13686.742966960644,2551.7142005862775
19003892,1705220411,49290663.175049,19323.296473500533,2550.8413247524786,104100840.310554,12604.105931309643,2547.0311829047714,44061987.254767,13686.742966960644,2551.7142005862775
19003939,1705220987,49292841.398349,19322.456621320645,2551.064927425359,104133621.944856,12591.311834893124,2547.335506226455,44061987.254767,13686.742966960644,2551.7142005862775
19003941,1705221011,49293341.398349,19322.261214706985,2551.1166033108884,104133621.944856,12591.311834893124,2547.335506226455,44061987.254767,13686.742966960644,2551.7142005862775
19003989,1705221587,49284502.463156,19325.739033892336,2550.20014379392,104174344.31054,12575.3630170889,2547.7142559862214,44061987.254767,13686.742966960644,2551.7142005862775
19003993,1705221635,49285002.463156,19325.5435610158,2550.251810902516,104174344.31054,12575.3630170889,2547.7142559862214,44061987.254767,13686.742966960644,2551.7142005862775
19004039,1705222187,49280019.020358,19327.50469575958,2549.7351984175148,104317350.630461,12519.28847090276,2549.045561115308,44061987.254767,13686.742966960644,2551.7142005862775
19004041,1705222211,49276218.801592,19328.999732454886,2549.3413773943726,104331739.845782,12513.646499276058,2549.179552212518,44061987.254767,13686.742966960644,2551.7142005862775
19004087,1705222775,49281768.170538,19326.830799658117,2549.9146073866273,104502603.340619,12446.681611454927,2550.7595580279144,44061987.254767,13686.742966960644,2551.7142005862775
19004091,1705222823,49281796.201587,19326.82225614421,2549.9171849588347,104502603.340619,12446.681611454927,2550.7595580279144,44061987.254767,13686.742966960644,2551.7142005862775
19004137,1705223375,49273220.629047,19330.204600057157,2549.027371852096,104518746.354424,12440.375233131794,2550.9049938041535,44061987.254767,13686.742966960644,2551.7142005862775
19004140,1705223411,49273195.778562,19330.214378404115,2549.024796828454,104517497.038711,12440.865233131794,2550.8937157584287,44061987.254767,13686.742966960644,2551.7142005862775
19004188,1705223987,49286145.285626,19325.150772790235,2550.362781904955,104450737.049439,12468.984096286955,2550.2634633447824,44060711.891508,13687.244280497376,2551.682249368131
19004192,1705224035,49288145.285626,19324.368954868125,2550.5694597706133,104450737.049439,12468.984096286955,2550.2634633447824,44060711.891508,13687.244280497376,2551.682249368131
19004238,1705224587,49282788.405519,19326.47814015681,2550.013926392444,104067139.613288,12619.59665775619,2546.690444119978,44060457.489106,13687.344280497377,2551.6758759399486
19004244,1705224659,49277460.072909,19328.574185019323,2549.461724450511,104067139.613288,12619.59665775619,2546.690444119978,44060457.489106,13687.344280497377,2551.6758759399486
19004287,1705225175,49273568.434373,19330.108718039486,2549.0580085765014,103483002.811422,12849.464721025124,2541.2530846347627,43889257.3423,13754.696327267604,2547.3523563600297
19004292,1705225235,49260659.371003,19335.189536256632,2547.7205319674385,103706196.268246,12761.716345305855,2543.3282958528257,43889257.3423,13754.696327267604,2547.3523563600297
19004335,1705225751,49261803.907178,19334.746378993575,2547.8381221849886,103908416.769529,12682.28602676122,2545.2091085801094,43889257.3423,13754.696327267604,2547.3523563600297
19004340,1705225811,49261803.907178,19334.746378993575,2547.8381221849886,103763618.692332,12739.220004565463,2543.8615349999995,43889257.3423,13754.696327267604,2547.3523563600297
19004389,1705226399,49259974.298009,19335.47914677189,2547.646940843102,104597081.868146,12412.246910072634,2551.581465430324,43889257.3423,13754.696327267604,2547.3523563600297
19004390,1705226411,49261974.298009,19334.696495433534,2547.853508310497,104597081.868146,12412.246910072634,2551.581465430324,43889257.3423,13754.696327267604,2547.3523563600297
19004437,1705226987,49258340.272231,19336.13196417567,2547.476422042042,104471768.617774,12461.43685225089,2550.449868789677,43889257.3423,13754.696327267604,2547.3523563600297
19004442,1705227047,49258432.25962,19336.095963349406,2547.4859223385565,104471768.617774,12461.43685225089,2550.449868789677,43889257.3423,13754.696327267604,2547.3523563600297
19004485,1705227563,49268592.326798,19332.12059828468,2548.535328874865,104353052.702893,12508.018851045103,2549.3450297131926,43889257.3423,13754.696327267604,2547.3523563600297
19004489,1705227611,49268592.326798,19332.12059828468,2548.535328874865,104351582.797312,12508.595722686527,2549.331336731076,43889257.3423,13754.696327267604,2547.3523563600297
19004537,1705228187,49272272.866632,19330.688667270013,2548.9145117761864,104200570.799492,12567.907520754054,2547.9244179748384,43889257.3423,13754.696327267604,2547.3523563600297
19004539,1705228211,49272272.866632,19330.688667270013,2548.9145117761864,104183518.316218,12574.603773348843,2547.7656112051395,43889257.3423,13754.696327267604,2547.3523563600297
19004586,1705228787,49278591.019842,19328.229719271632,2549.5656733998617,103787269.376227,12730.333414458222,2544.0767045183893,43889257.088329,13754.696427267603,2547.3523499264174
19004588,1705228811,49278591.019842,19328.229719271632,2549.5656733998617,103787129.522007,12730.388414458223,2544.0754030726134,43889257.088329,13754.696427267603,2547.3523499264174
19004636,1705229399,49275489.499585,19329.45896632322,2549.243079458939,103697542.082371,12765.73850442839,2543.240462929764,43889257.088329,13754.696427267603,2547.3523499264174
19004637,1705229411,49275489.499585,19329.45896632322,2549.243079458939,103698043.591866,12765.541410096293,2543.245126744866,43889257.088329,13754.696427267603,2547.3523499264174
19004686,1705229999,49250622.92885,19339.266686167797,2546.6644484548106,103393395.275674,12877.34503507891,2540.4756385318533,43889257.088329,13754.696427267603,2547.3523499264174
19004691,1705230059,49253622.92885,19338.09228002692,2546.974242113888,103398384.760897,12875.382038515723,2540.5220297629844,43889257.088329,13754.696427267603,2547.3523499264174
19004736,1705230599,49222401.663938,19350.403658226664,2543.7403029580473,103256901.234197,12931.484475954838,2539.201690441649,43663017.498787,13843.877613579662,2541.624456
19004738,1705230623,49221387.241212,19350.803658226665,2543.635298593212,103255353.100012,12932.094475954838,2539.1872926991164,43663017.498787,13843.877613579662,2541.624456
19004785,1705231199,49216601.612007,19352.707330571648,2543.1378034771956,103208463.701657,12950.661345070697,2538.7501788957634,43663017.498787,13843.877613579662,2541.624456
19004786,1705231211,49217101.612007,19352.511314866086,2543.189398587238,103293363.050558,12917.241864025857,2539.53934551396,43663017.498787,13843.877613579662,2541.624456
19004831,1705231751,49220499.339348,19351.194180297167,2543.538082495338,103900052.15767,12678.847774720023,2545.1796988532137,43663017.498787,13843.877613579662,2541.624456
19004837,1705231823,49220499.339348,19351.194180297167,2543.538082495338,103918084.722985,12671.766563501034,2545.347475816292,43663017.498787,13843.877613579662,2541.624456
19004884,1705232387,49220402.004411,19351.241075970698,2543.5268885947667,103494004.849644,12838.681285920487,2541.400452716126,43663017.498787,13843.877613579662,2541.624456
19004887,1705232423,49220402.004411,19351.241075970698,2543.5268885947667,103478654.940207,12844.724418357293,2541.257720929746,43663017.498787,13843.877613579662,2541.624456
19004935,1705232999,49216885.737749,19352.635551028383,2543.161917557718,103076721.837869,13003.08977259613,2537.5215763690585,43663017.498787,13843.877613579662,2541.624456
19004936,1705233011,49216885.737749,19352.635551028383,2543.161917557718,103079221.837869,13002.105056412684,2537.544807293707,43663017.498787,13843.877613579662,2541.624456
19004984,1705233587,49198805.240346,19359.77227423446,2541.290493681257,103061075.562853,13009.271525565946,2537.3759673963323,43663017.498787,13843.877613579662,2541.624456
19004987,1705233623,49198805.240346,19359.77227423446,2541.290493681257,103054659.286857,13011.801525565945,2537.316317359149,43663017.498787,13843.877613579662,2541.624456
19005035,1705234199,49102727.440229,19397.8669856531,2531.3467442861615,103084414.715426,13007.250611034606,2537.4841346349076,43233787.681977,14008.542544450052,2530.7731320208386
19005036,1705234211,49102727.440229,19397.8669856531,2531.3467442861615,103063136.697562,13015.640611034605,2537.286356760914,43233787.681977,14008.542544450052,2530.7731320208386
19005084,1705234787,49136962.483143,19384.394324671557,2534.8722100955074,103374358.858913,12893.157168607557,2540.176488650825,43340597.359335,13966.487099846592,2533.4588265573984
19005086,1705234811,49137175.833083,19384.31041157782,2534.8941896707584,103374358.858913,12893.157168607557,2540.176488650825,43340597.359335,13966.487099846592,2533.4588265573984
19005135,1705235399,49165869.913518,19373.035976082872,2537.850545170932,103742701.136187,12748.338877326876,2543.5993179373872,43502028.404416,13903.009524377483,2537.5240228979583
19005141,1705235471,49166383.804922,19372.834094852435,2537.9035181014647,103742701.136187,12748.338877326876,2543.5993179373872,43502028.404416,13903.009524377483,2537.5240228979583
19005183,1705235975,49177240.868781,19368.57889599701,2539.0216356526125,103599882.056983,12754.081020681271,2543.4164349505986,43511100.899007,13899.445077521772,2537.7527211977435
19005186,1705236011,49176394.917227,19368.913084421973,2538.934152003531,103599882.056983,12754.081020681271,2543.4164349505986,43511100.899007,13899.445077521772,2537.7527211977435
19005232,1705236575,49179006.924298,19367.89460233776,2539.2025273806453,103303036.718762,12870.91852670657,2540.656306107766,43511100.899007,13899.445077521772,2537.7527211977435
19005235,1705236611,49178174.079455,19368.223589503665,2539.116396100798,103303036.718762,12870.91852670657,2540.656306107766,43511100.899007,13899.445077521772,2537.7527211977435
19005277,1705237115,49179364.940531,19367.7562413531,2539.2391523146903,102812683.490243,13064.204174928598,2536.0991862465316,43511100.899007,13899.445077521772,2537.7527211977435
19005285,1705237211,49179364.940531,19367.7562413531,2539.2391523146903,102807838.304107,13066.115635252774,2536.0541621521998,43511100.899007,13899.445077521772,2537.7527211977435
19005333,1705237799,49183293.334736,19366.219773206052,2539.643457045916,102743876.203891,13091.404226883562,2535.45921777976,43511100.899007,13899.445077521772,2537.7527211977435
19005334,1705237811,49183293.334736,19366.219773206052,2539.643457045916,102588913.211835,13152.570497390376,2534.0180372198247,43511100.899007,13899.445077521772,2537.7527211977435
19005381,1705238387,49178812.643706,19367.98977934651,2539.1800183697396,102817649.928273,13063.631988477942,2536.123652357863,43511100.899007,13899.445077521772,2537.7527211977435
19005383,1705238411,49177800.893706,19368.391787728433,2539.075078234654,102817649.928273,13063.631988477942,2536.123652357863,43511100.899007,13899.445077521772,2537.7527211977435
19005430,1705238999,49166069.330162,19373.029285018838,2537.8617152136408,102519014.387824,13181.510544658315,2533.346915802412,43511100.899007,13899.445077521772,2537.7527211977435
19005434,1705239047,49166069.330162,19373.029285018838,2537.8617152136408,102549014.387824,13169.675075298763,2533.6257803354447,43511100.899007,13899.445077521772,2537.7527211977435
19005476,1705239551,49157405.982738,19376.46123896201,2536.965102992736,102613164.582571,13144.397181828735,2534.2218327214837,43511100.899007,13899.445077521772,2537.7527211977435
19005487,1705239683,49157118.320968,19376.574968962006,2536.935366529399,102612865.582571,13144.515225851193,2534.2190515784273,43511100.899007,13899.445077521772,2537.7527211977435
19005526,1705240151,49117653.164997,19392.1996649898,2532.8562006131156,102216359.920553,13301.355261239434,2530.5300649856167,43357890.309041,13960.052638396506,2533.8819631333445
19005532,1705240223,49117025.312639,19392.448297199295,2532.7913505244514,102216359.920553,13301.355261239434,2530.5300649856167,43357890.309041,13960.052638396506,2533.8819631333445
19005579,1705240787,51965360.045855,20503.926205223845,2534.410216157315,102642816.121574,13133.089679353225,2534.4929548034625,43357890.309041,13960.052638396506,2533.8819631333445
19005581,1705240811,51965360.045855,20503.926205223845,2534.410216157315,102619764.742768,13142.189679353225,2534.2785358304354,43357890.309041,13960.052638396506,2533.8819631333445
19005629,1705241399,51963033.803997,20504.86386668005,2534.1808724921984,103066043.552063,12966.408952241827,2538.4233538353,43357890.309041,13960.052638396506,2533.8819631333445
19005633,1705241447,51963033.803997,20504.86386668005,2534.1808724921984,103199810.362999,12913.752375340524,2539.6657018860856,43357890.309041,13960.052638396506,2533.8819631333445
19005679,1705241999,51962458.264407,20505.099864619027,2534.1236378988215,102914060.683165,13026.423379708802,2537.009958889236,43360051.056328,13959.202463853255,2533.9363136561406
19005680,1705242011,51962745.726907,20504.98676890125,2534.1516340657167,102914060.683165,13026.423379708802,2537.009958889236,43360051.056328,13959.202463853255,2533.9363136561406
19005728,1705242587,51967214.310836,20503.23124019583,2534.586558676478,102588107.890771,13155.052046648681,2533.9797954497017,43361358.726332,13958.687952685737,2533.9692065171093
19005730,1705242611,51967214.310836,20503.23124019583,2534.586558676478,102587317.397364,13155.364160423573,2533.9724430441083,43361358.726332,13958.687952685737,2533.9692065171093
19005778,1705243187,51964755.248687,20504.20931269096,2534.345726588136,102469356.486932,13202.00261537891,2532.87477666628,43372048.225321,13954.482351032164,2534.238095970629
19005780,1705243211,51965455.831813,20503.933710202782,2534.4139600858603,102469356.486932,13202.00261537891,2532.87477666628,43372048.225321,13954.482351032164,2534.238095970629
19005829,1705243799,51975549.371516,20499.973342683053,2535.3959491887513,102833011.305837,13058.626517962515,2536.2539799735664,43372048.225321,13954.482351032164,2534.238095970629
19005830,1705243811,51975549.371516,20499.973342683053,2535.3959491887513,102833039.305837,13058.615483579213,2536.25424003243,43372048.225321,13954.482351032164,2534.238095970629
19005876,1705244363,51983785.178494,20496.73556341938,2536.1982652139836,103203880.402826,12912.598395879797,2539.698227860946,43372048.225321,13954.482351032164,2534.238095970629
19005880,1705244411,51983785.178494,20496.73556341938,2536.1982652139836,103236459.444171,12899.777655375992,2540.000853814212,43372048.225321,13954.482351032164,2534.238095970629
19005929,1705244999,51996467.144396,20491.751950064714,2537.433952504573,103523323.610358,12787.019745851967,2542.665538414141,43425657.216133,13933.39753467216,2535.5874323394632
19005930,1705245011,52001930.312003,20489.6056054897,2537.96638711632,103395895.54483,12837.172439194845,2541.480751564732,43425657.216133,13933.39753467216,2535.5874323394632
19005978,1705245599,52006034.008543,20487.994972031916,2538.366203210038,102758655.584689,13088.344174481568,2535.5585790539594,43425657.216133,13933.39753467216,2535.5874323394632
19005979,1705245611,52006248.848543,20487.910589172763,2538.387144076406,102791357.194188,13075.45419366325,2535.8622730483676,43425657.216133,13933.39753467216,2535.5874323394632
19006028,1705246199,51999327.236,20490.64793041818,2537.710247747094,102870487.040906,13044.275641541539,2536.5971465289163,43425657.216133,13933.39753467216,2535.5874323394632
19006029,1705246211,51999327.236,20490.64793041818,2537.710247747094,102860723.727051,13048.126616722937,2536.5064159742406,43425657.216133,13933.39753467216,2535.5874323394632
19006075,1705246775,52003221.518646,20489.1314135677,2538.08814385416,103047865.416416,12974.488370732279,2538.2436859409386,43425657.216133,13933.39753467216,2535.5874323394632
19006079,1705246823,52004221.518646,20488.73860574169,2538.185611098212,103047865.416416,12974.488370732279,2538.2436859409386,43425657.216133,13933.39753467216,2535.5874323394632
19006126,1705247387,51996405.080948,20491.87888439662,2537.4152060082815,103344717.87764,12858.37377645858,2541.002420526597,43413220.683248,13928.209373906908,2535.5874323394632
19006128,1705247411,52002298.553497,20489.563775666767,2537.9895405706243,103375795.286227,12846.152462038986,2541.291107817247,43413220.683248,13928.209373906908,2535.5874323394632
19006177,1705247999,52015710.121358,20484.310095742134,2539.2951912092944,103057598.137551,12981.554320944455,2538.2161294842053,43413220.683248,13928.209373906908,2535.5874323394632
19006179,1705248023,52015710.121358,20484.310095742134,2539.2951912092944,103076009.073452,12974.30469752293,2538.386991385413,43413220.683248,13928.209373906908,2535.5874323394632
19006227,1705248599,52009647.338456,20486.71390665136,2538.7013054138556,103266252.081835,12899.458929530174,2540.152432247354,43413220.683248,13928.209373906908,2535.5874323394632
19006228,1705248611,52009647.338456,20486.71390665136,2538.7013054138556,103403484.292012,12845.474293418054,2541.426634000001,43413220.683248,13928.209373906908,2535.5874323394632
19006276,1705249199,52005188.81264,20488.489226772697,2538.263716618199,103219087.425825,12916.478475862446,2539.7512007527052,43413220.683248,13928.209373906908,2535.5874323394632
19006278,1705249223,52005188.81264,20488.489226772697,2538.263716618199,103206395.313755,12921.478475862445,2539.633320947981,43413220.683248,13928.209373906908,2535.5874323394632
19006325,1705249787,51997238.725249,20491.641451681226,2537.485288714288,102659466.406319,13137.182934288914,2534.553307196606,43412202.380169,13928.612188796325,2535.561662673916
19006327,1705249811,51997238.725249,20491.641451681226,2537.485288714288,102659339.742047,13137.232934288913,2534.5521296771094,43412202.380169,13928.612188796325,2535.561662673916
19006376,1705250399,51943948.413096,20512.733898111575,2532.2781775996236,102098343.172254,13360.721545931012,2529.300879473189,43279032.237597,13981.326182687351,2532.1969366945295
19006377,1705250411,51943948.413096,20512.733898111575,2532.2781775996236,102149650.490907,13340.448462309796,2529.7879289810276,43279032.237597,13981.326182687351,2532.1969366945295
19006425,1705250999,51918081.043829,20522.99194807111,2529.7520544371023,101626265.787537,13545.690809173086,2524.765435581322,43127520.102506,14041.385863775398,2528.372145996452
19006427,1705251023,51918081.043829,20522.99194807111,2529.7520544371023,101615302.807245,13550.035270146518,2524.636363837644,43127520.102506,14041.385863775398,2528.372145996452
19006475,1705251599,51915486.300331,20524.034117995092,2529.4971739894186,101679143.114664,13524.783065199981,2525.319341855365,43127520.102506,14041.385863775398,2528.372145996452
19006476,1705251611,51915486.300331,20524.034117995092,2529.4971739894186,101679243.114664,13524.743486054653,2525.3202903036877,43127520.102506,14041.385863775398,2528.372145996452
19006525,1705252199,51906510.7426,20527.602032800245,2528.6202772082506,101652342.235681,13535.569785599324,2525.063015618662,43127520.102506,14041.385863775398,2528.372145996452
19006530,1705252259,51907504.925369,20527.210047771034,2528.716995859134,101652342.235681,13535.569785599324,2525.063015618662,43127520.102506,14041.385863775398,2528.372145996452
19006574,1705252787,51927145.183743,20519.47402977309,2530.6274960263795,102306956.885049,13276.797933314143,2531.248816337912,43127520.102506,14041.385863775398,2528.372145996452
19006576,1705252811,51927145.183743,20519.47402977309,2530.6274960263795,102310026.271336,13275.585976152512,2531.277317694226,43127520.102506,14041.385863775398,2528.372145996452
19006623,1705253375,51916995.519342,20523.50097444137,2529.6364194391613,102232280.846258,13306.995418463466,2530.5465782346905,43126627.361658,14040.990980343347,2528.372145996452
19006626,1705253411,51915980.68157,20523.90336876814,2529.5373764316273,102232280.846258,13306.995418463466,2530.5465782346905,43126627.361658,14040.990980343347,2528.372145996452
19006673,1705253987,51917596.630329,20523.271003582755,2529.694054191738,102592937.377705,13164.652763601745,2533.8956749119184,43126627.361658,14040.990980343347,2528.372145996452
19006677,1705254035,51913100.387616,20525.05389215702,2529.255253622155,102592937.377705,13164.652763601745,2533.8956749119184,43126627.361658,14040.990980343347,2528.372145996452
19006722,1705254587,51918292.501326,20523.041337423576,2529.7562699273753,102512185.532716,13196.666217259131,2533.143751251755,43170984.137219,14023.50386036174,2529.4883087088056
19006724,1705254611,51917135.463384,20523.500095202824,2529.643346532259,102517185.532716,13194.693390336863,2533.1901919799648,43170984.137219,14023.50386036174,2529.4883087088056
19006773,1705255199,51924653.648448,20520.54508594946,2530.3739949871565,102144038.086529,13342.145080889755,2529.715668219871,43168975.197162,14024.300466222034,2529.437599702244
19006774,1705255211,51924500.206727,20520.605908534166,2530.359017573282,102144038.086529,13342.145080889755,2529.715668219871,43168975.197162,14024.300466222034,2529.437599702244
19006823,1705255799,51925495.479468,20520.218217120757,2530.455326062015,102266164.178917,13292.938156092032,2530.8809659499134,43153885.564021,14030.28447542238,2529.0567283751634
19006824,1705255811,51925117.052632,20520.368217120755,2530.4183873907937,102266164.178917,13292.938156092032,2530.8809659499134,43153885.564021,14030.28447542238,2529.0567283751634
19006871,1705256375,51923761.92369,20520.9130750895,2530.2851648799524,102084587.196647,13365.32443782467,2529.167327276126,43153886.730827,14030.28401544654,2529.0567577365687
19006874,1705256411,51923761.92369,20520.9130750895,2530.2851648799524,102074572.196647,13369.286294473957,2529.072227442391,43153886.730827,14030.28401544654,2529.0567577365687
19006922,1705256999,51924309.00294,20520.71161975682,2530.3366649794243,101411540.702283,13631.987406629396,2522.236146811972,43147191.074468,14032.939562080242,2528.887764567027
19006924,1705257023,51924309.00294,20520.71161975682,2530.3366649794243,101417579.924274,13629.594245539229,2522.3071606963836,43147191.074468,14032.939562080242,2528.887764567027
19006970,1705257575,51901841.200584,20529.62691532856,2528.143419977652,102133267.180011,13346.520828839133,2529.6241847917922,43147191.074468,14032.939562080242,2528.887764567027
19006973,1705257611,51901841.200584,20529.62691532856,2528.143419977652,102117208.130492,13352.872589509292,2529.471679329527,43147191.074468,14032.939562080242,2528.887764567027
19007022,1705258199,51901072.28162,20529.945496410102,2528.066735038118,102249648.657809,13301.758170749334,2530.7047919888296,43147191.074468,14032.939562080242,2528.887764567027
19007026,1705258247,51900908.707457,20530.01039457025,2528.0507759111356,102249648.657809,13301.758170749334,2530.7047919888296,43147191.074468,14032.939562080242,2528.887764567027
19007071,1705258787,51902734.756315,20529.301230652298,2528.2270532822145,102121188.12742,13352.563102188764,2529.4985563297164,43147191.074468,14032.939562080242,2528.887764567027
19007073,1705258811,51902734.756315,20529.301230652298,2528.2270532822145,102120889.12742,13352.681366633682,2529.4957169704035,43147191.074468,14032.939562080242,2528.887764567027
19007121,1705259387,51908099.434958,20527.19086325702,2528.7483212265424,102214027.991303,13315.91178949696,2530.3731254663917,43147191.074468,14032.939562080242,2528.887764567027
19007123,1705259423,51908099.434958,20527.19086325702,2528.7483212265424,102212312.338847,13316.590154319872,2530.357191207736,43147191.074468,14032.939562080242,2528.887764567027
19007168,1705259975,51811523.006965,20565.588523643175,2519.330917634573,100915700.113915,13804.087395114282,2516.1640532824927,42747946.943106,14191.60411978562,2518.8209650053304
19007173,1705260035,51811523.006965,20565.588523643175,2519.330917634573,100923213.005594,13801.103098863268,2516.268790523053,42747946.943106,14191.60411978562,2518.8209650053304
19007198,1705260347,51812584.027866,20565.17970880419,2519.4325924457853,101062148.627203,13745.9554823075,2518.093996332415,42749446.943106,14191.010394056651,2518.8586472336156
