bin_id,start_block,end_block,rejection_rate,tolerance,swap_count,router_txs,failed_txs
0.0,19230000,19230017,0.23529411764705882,0.0009981864257024105,18,34,8
1.0,19230018,19230065,0.12048192771084337,0.0003088516541818596,45,83,10
2.0,19230068,19230117,0.1724137931034483,0.0010356019932101072,58,87,15
3.0,19230118,19230166,0.13114754098360656,0.0009922570474564401,34,122,16
4.0,19230167,19230216,0.06474820143884892,0.0027855677390393463,38,139,9
5.0,19230217,19230264,0.028469750889679714,0.006039057721551468,37,281,8
6.0,19230268,19230315,0.010526315789473684,0.005919479562209186,46,95,1
7.0,19230316,19230363,0.046153846153846156,0.00443601046208273,20,130,6
8.0,19230367,19230412,0.03278688524590164,0.003874403721225267,34,61,2
9.0,19230413,19230462,0.189873417721519,0.0028417373168057505,44,79,15
10.0,19230463,19230510,0.18604651162790697,0.0010682144469265735,33,86,16
11.0,19230514,19230560,0.06172839506172839,0.0029744940247951055,37,81,5
12.0,19230562,19230609,0.10638297872340426,0.0009750751279614475,26,94,10
13.0,19230613,19230659,0.0967741935483871,0.0013565418617252055,39,62,6
14.0,19230660,19230708,0.07462686567164178,0.0010035364177278811,41,67,5
15.0,19230709,19230755,0.04285714285714286,0.003070429239571533,27,70,3
16.0,19230757,19230806,0.07272727272727272,0.005264773500723553,36,110,8
17.0,19230808,19230856,0.08421052631578947,0.0014333677629264506,35,95,8
18.0,19230857,19230904,0.05084745762711865,0.0009992470961322155,42,59,3
19.0,19230907,19230956,0.1559633027522936,0.0011010178911394271,29,109,17
20.0,19230957,19231003,0.07575757575757576,0.001532378600258716,20,66,5
21.0,19231008,19231056,0.056818181818181816,0.0032445993073835647,26,88,5
22.0,19231058,19231106,0.1375,0.001444221408764817,34,80,11
23.0,19231108,19231156,0.03825136612021858,0.003580262105565277,12,183,7
24.0,19231157,19231204,0.017857142857142856,0.0049086011231755395,24,56,1
25.0,19231209,19231251,0.0,0.006024317288562185,26,58,0
26.0,19231255,19231303,0.057692307692307696,0.0009985198092287019,20,156,9
27.0,19231304,19231353,0.014705882352941176,0.0010307424007156396,26,68,1
28.0,19231354,19231401,0.125,0.0006842362635041709,37,56,7
29.0,19231403,19231452,0.13114754098360656,0.001310189517401146,40,61,8
30.0,19231454,19231502,0.07017543859649122,0.0011241300300933923,20,57,4
31.0,19231503,19231551,0.06666666666666667,0.003620630413435469,35,45,3
32.0,19231552,19231600,0.04,0.00331802858295107,12,50,2
33.0,19231608,19231648,0.03333333333333333,0.0006203896659704678,8,30,1
34.0,19231650,19231698,0.0,0.004380548086018282,27,62,0
35.0,19231702,19231747,0.047619047619047616,0.0026522693178086896,12,42,2
36.0,19231750,19231799,0.07142857142857142,0.0032813098951591955,21,56,4
37.0,19231801,19231849,0.1836734693877551,0.004529336322099164,10,49,9
38.0,19231851,19231897,0.0,0.0038496809807684017,16,72,0
39.0,19231899,19231948,0.05194805194805195,0.0017264983536607022,39,77,4
40.0,19231949,19231998,0.044444444444444446,0.0013933686288567604,21,90,4
41.0,19232000,19232047,0.06493506493506493,0.0034165919929172025,22,77,5
42.0,19232049,19232095,0.0641025641025641,0.001973528408519591,17,78,5
43.0,19232098,19232145,0.08108108108108109,0.0016635351640224985,23,74,6
44.0,19232149,19232196,0.05970149253731343,0.005037029332534526,10,67,4
45.0,19232197,19232245,0.12857142857142856,0.002283801711538227,20,70,9
46.0,19232249,19232293,0.04285714285714286,0.006014112364728649,27,70,3
47.0,19232296,19232344,0.046153846153846156,0.005222622532145147,34,65,3
48.0,19232347,19232393,0.10526315789473684,0.0011315873451812053,36,57,6
49.0,19232396,19232444,0.10144927536231885,0.0010533346781957137,19,69,7
50.0,19232448,19232493,0.03571428571428571,0.005081815884228495,18,56,2
52.0,19232544,19232593,0.06060606060606061,0.004572322367092546,10,33,2
53.0,19232594,19232642,0.05357142857142857,0.006010105089024008,34,56,3
54.0,19232643,19232691,0.06666666666666667,0.005837912279349114,14,45,3
55.0,19232693,19232741,0.08771929824561403,0.0032203436385976293,23,57,5
56.0,19232743,19232789,0.21875,0.002618726082051123,26,32,7
57.0,19232791,19232840,0.1076923076923077,0.0010087010958843793,22,65,7
58.0,19232842,19232890,0.1206896551724138,0.00041687885818814834,23,58,7
59.0,19232891,19232939,0.10294117647058823,0.005934298143530526,21,68,7
60.0,19232941,19232989,0.06493506493506493,0.0028753520554097405,18,77,5
61.0,19232990,19233038,0.05,0.0031701833072102104,25,60,3
62.0,19233040,19233088,0.05,0.0046714388531781765,20,60,3
63.0,19233089,19233138,0.038461538461538464,0.004050135602387027,25,52,2
64.0,19233139,19233188,0.0847457627118644,0.0018006164229073763,32,59,5
65.0,19233189,19233238,0.11403508771929824,0.003381893817071069,26,114,13
66.0,19233239,19233288,0.08,0.005532388057456129,38,75,6
67.0,19233290,19233338,0.08108108108108109,0.0025069744929281158,27,74,6
68.0,19233339,19233386,0.039473684210526314,0.0026027285194589263,27,76,3
69.0,19233388,19233435,0.07792207792207792,0.001212265018280115,12,77,6
70.0,19233438,19233484,0.11290322580645161,0.0028492909875357337,30,62,7
71.0,19233486,19233534,0.015384615384615385,0.004568120084178834,19,65,1
72.0,19233538,19233584,0.08695652173913043,0.0037572602318579973,38,46,4
73.0,19233586,19233631,0.043478260869565216,0.0038612609875647197,11,69,3
74.0,19233635,19233684,0.28888888888888886,0.00016259664096949757,17,90,26
75.0,19233686,19233734,0.05357142857142857,0.005283075432753873,11,56,3
76.0,19233736,19233782,0.017241379310344827,0.004911897888371656,26,58,1
77.0,19233785,19233834,0.09302325581395349,0.0028119745025657456,21,43,4
78.0,19233835,19233881,0.1111111111111111,0.004592267277385171,54,45,5
79.0,19233885,19233934,0.04225352112676056,0.005528169069609126,44,71,3
80.0,19233935,19233983,0.07042253521126761,0.002766119125654523,38,71,5
81.0,19233985,19234034,0.12962962962962962,0.0013933404251071954,11,54,7
82.0,19234035,19234082,0.07692307692307693,0.0036402880503898496,21,52,4
83.0,19234084,19234130,0.07964601769911504,0.0034770797754052826,30,113,9
84.0,19234133,19234181,0.22988505747126436,0.0014601966729724822,31,87,20
85.0,19234182,19234231,0.13592233009708737,0.0017547466694004363,30,103,14
86.0,19234232,19234281,0.13513513513513514,0.0012678640384804706,52,111,15
87.0,19234282,19234331,0.22580645161290322,0.0015090307464091042,36,124,28
88.0,19234332,19234381,0.16161616161616163,0.0017019675943813761,38,99,16
89.0,19234382,19234431,0.11538461538461539,0.0023684890836909354,17,52,6
90.0,19234432,19234480,0.09210526315789473,0.0009894179477267515,26,76,7
91.0,19234481,19234529,0.21212121212121213,0.0010017832652821413,50,66,14
92.0,19234530,19234579,0.42021276595744683,0.00035710929911643316,32,188,79
93.0,19234580,19234629,0.12389380530973451,0.0009181729789946815,35,113,14
94.0,19234630,19234677,0.1348314606741573,0.0015870183389630132,28,89,12
95.0,19234680,19234728,0.06382978723404255,0.001125969175405162,26,47,3
96.0,19234729,19234777,0.14150943396226415,0.0010005721990395606,32,106,15
97.0,19234779,19234827,0.17307692307692307,0.0031142515720724902,32,52,9
98.0,19234829,19234877,0.125,0.0019747464579180987,22,40,5
99.0,19234878,19234926,0.0547945205479452,0.00330322944666974,43,73,4
100.0,19234930,19234977,0.0273972602739726,0.0025743471478628897,26,73,2
101.0,19234978,19235027,0.19387755102040816,0.00033731384702439767,25,98,19
102.0,19235028,19235077,0.10526315789473684,0.0043049940527789595,41,76,8
103.0,19235080,19235126,0.06172839506172839,0.0036339115477771067,11,243,15
104.0,19235128,19235176,0.08636363636363636,0.005320550994012744,15,220,19
105.0,19235178,19235226,0.14084507042253522,0.0024390596448961134,21,142,20
106.0,19235229,19235274,0.15508021390374332,0.0022976502631563613,25,187,29
107.0,19235281,19235322,0.12582781456953643,0.0018129311459147528,11,151,19
108.0,19235324,19235373,0.15934065934065933,0.0009926078292348678,32,182,29
109.0,19235374,19235423,0.03333333333333333,0.0015544544575315262,9,120,4
110.0,19235425,19235473,0.00847457627118644,0.00545135549225159,13,118,1
111.0,19235474,19235523,0.13768115942028986,0.0011501974067059948,19,138,19
112.0,19235525,19235573,0.06796116504854369,0.005530084071601029,7,103,7
113.0,19235575,19235622,0.2774869109947644,0.00026849658504870107,24,191,53
114.0,19235624,19235672,0.03676470588235294,0.003700036669273506,27,136,5
115.0,19235673,19235722,0.061946902654867256,0.00248662921023566,22,113,7
116.0,19235724,19235771,0.18181818181818182,0.0031767867789408186,24,110,20
117.0,19235773,19235822,0.19767441860465115,0.0010383377938549172,46,86,17
118.0,19235823,19235871,0.09090909090909091,0.0035359779649456425,26,99,9
119.0,19235873,19235920,0.2,0.001246757522673642,26,80,16
120.0,19235921,19235968,0.14912280701754385,0.0013834346054902842,23,114,17
121.0,19235970,19236019,0.09259259259259259,0.0008973709328631915,22,108,10
122.0,19236020,19236069,0.08653846153846154,0.002290860264543464,20,104,9
123.0,19236070,19236119,0.05154639175257732,0.002017506507074999,33,97,5
124.0,19236120,19236168,0.0875,0.0012688016536413123,62,80,7
125.0,19236170,19236217,0.05223880597014925,0.0047198048671774255,40,134,7
126.0,19236219,19236266,0.109375,0.004226268578869816,34,128,14
127.0,19236267,19236314,0.05,0.005498756183189128,23,80,4
128.0,19236316,19236364,0.038834951456310676,0.002913889750977711,40,103,4
129.0,19236367,19236413,0.08387096774193549,0.0015110369526218459,27,155,13
130.0,19236416,19236459,0.08411214953271028,0.002803637154375785,23,107,9
131.0,19236464,19236510,0.06172839506172839,0.0011033735394890291,13,81,5
132.0,19236511,19236559,0.049586776859504134,0.0058678019315115786,15,121,6
133.0,19236561,19236608,0.025,0.006068865946597408,25,120,3
134.0,19236610,19236659,0.056818181818181816,0.005641645312447276,22,88,5
135.0,19236660,19236705,0.2,0.0010014726860288568,24,75,15
136.0,19236706,19236753,0.3137254901960784,-4.49820140215278e-06,19,102,32
137.0,19236755,19236804,0.20994475138121546,0.0009986151936987645,34,181,38
138.0,19236805,19236853,0.022222222222222223,0.006054147351432955,44,135,3
139.0,19236857,19236903,0.14,0.0019385596394981526,20,100,14
140.0,19236904,19236952,0.03225806451612903,0.0031579118811399043,25,93,3
141.0,19236954,19237003,0.049689440993788817,0.004511465670151975,32,161,8
142.0,19237004,19237053,0.05319148936170213,0.004844379349383429,33,94,5
143.0,19237054,19237102,0.08396946564885496,0.003771880604987084,26,131,11
144.0,19237104,19237152,0.05405405405405406,0.0029888795377362655,53,74,4
145.0,19237153,19237202,0.0641025641025641,0.004588776494125735,43,78,5
146.0,19237203,19237250,0.1076923076923077,0.0025600056365193743,25,65,7
147.0,19237253,19237301,0.046296296296296294,0.0012739728090632974,15,108,5
148.0,19237302,19237350,0.054945054945054944,0.0011172076626377806,16,91,5
149.0,19237351,19237400,0.04716981132075472,0.0011483054941324536,35,106,5
150.0,19237401,19237450,0.07246376811594203,0.0027076856142196942,37,138,10
151.0,19237452,19237500,0.08502024291497975,0.0013261277304329278,12,247,21
152.0,19237502,19237549,0.07792207792207792,0.0009812885041847132,18,77,6
153.0,19237551,19237600,0.07142857142857142,0.003749667308749146,24,84,6
154.0,19237601,19237649,0.02666666666666667,0.006045646260120333,27,75,2
155.0,19237651,19237699,0.09558823529411764,0.003450422663241111,20,136,13
156.0,19237700,19237748,0.1038961038961039,0.0011550929737469482,42,77,8
157.0,19237752,19237796,0.06896551724137931,0.0034585700480594945,41,58,4
158.0,19237799,19237847,0.10975609756097561,0.0018866467404243725,28,82,9
159.0,19237848,19237897,0.06315789473684211,0.0038196784210843106,41,95,6
160.0,19237898,19237947,0.05,0.005964546176285256,40,120,6
161.0,19237949,19237997,0.08433734939759036,0.0029184578026265067,37,83,7
162.0,19237998,19238047,0.1417910447761194,0.0019285818333250114,35,134,19
163.0,19238048,19238097,0.07,0.003251806230968391,25,100,7
164.0,19238098,19238147,0.07920792079207921,0.0009333230775489614,14,101,8
165.0,19238149,19238197,0.05154639175257732,0.0009694168041583888,29,97,5
166.0,19238198,19238247,0.05,0.0015674983899326314,23,100,5
167.0,19238248,19238297,0.19827586206896552,0.0009090800937529096,20,116,23
168.0,19238299,19238347,0.0425531914893617,0.0011338152632303714,14,94,4
169.0,19238348,19238397,0.038461538461538464,0.0018084797781773368,17,78,3
170.0,19238400,19238446,0.10869565217391304,0.0009781940819367492,19,92,10
171.0,19238447,19238494,0.0891089108910891,0.0025794848920355352,22,101,9
172.0,19238497,19238545,0.15503875968992248,0.0022793016256699916,16,129,20
173.0,19238547,19238593,0.058823529411764705,0.002833555640428523,13,187,11
174.0,19238597,19238642,0.07981220657276995,0.002715218576581535,12,213,17
175.0,19238647,19238694,0.10778443113772455,0.0024027438973726577,27,167,18
176.0,19238696,19238743,0.06451612903225806,0.004526378805807564,23,124,8
177.0,19238745,19238791,0.0594059405940594,0.003502873093951128,21,101,6
178.0,19238794,19238841,0.10526315789473684,0.000846405281253993,28,152,16
179.0,19238842,19238887,0.06779661016949153,0.0010013725617927197,35,118,8
180.0,19238890,19238938,0.12612612612612611,0.0010125522669515755,33,111,14
181.0,19238939,19238986,0.0891089108910891,0.0018836885950278982,30,101,9
182.0,19238988,19239036,0.05102040816326531,0.002806104404493498,34,98,5
183.0,19239038,19239085,0.11235955056179775,0.0005708005699033854,15,89,10
184.0,19239087,19239133,0.023529411764705882,0.003370358960925295,31,85,2
185.0,19239139,19239183,0.05,0.003465366519917827,20,80,4
186.0,19239191,19239234,0.03896103896103896,0.0038240304424855074,13,77,3
187.0,19239236,19239284,0.09345794392523364,0.0009953355889316582,27,107,10
188.0,19239286,19239330,0.07692307692307693,0.0021231945039732764,28,78,6
189.0,19239335,19239382,0.08695652173913043,0.0038601071169612937,37,69,6
190.0,19239383,19239431,0.06557377049180328,0.0021100973099692473,27,61,4
191.0,19239434,19239480,0.05405405405405406,0.002989796430159662,27,74,4
192.0,19239482,19239528,0.06493506493506493,0.0016688883330421259,21,77,5
193.0,19239530,19239578,0.10144927536231885,0.0009735367346697744,23,69,7
194.0,19239580,19239624,0.05747126436781609,2.326902505526067e-05,9,87,5
195.0,19239632,19239677,0.0379746835443038,0.006039041303430653,22,79,3
196.0,19239678,19239724,0.06557377049180328,0.004821124056378401,28,61,4
197.0,19239726,19239775,0.140625,0.001071058936652327,25,64,9
198.0,19239776,19239823,0.1744186046511628,0.0008891483184867475,28,86,15
199.0,19239825,19239873,0.07936507936507936,0.003016735082322107,17,63,5
200.0,19239874,19239921,0.0784313725490196,0.0025650978265632555,18,51,4
201.0,19239924,19239972,0.020618556701030927,0.00450602995497269,26,97,2
202.0,19239973,19240016,0.031914893617021274,0.005717933094879038,21,94,3
203.0,19240023,19240071,0.10256410256410256,0.004281490540115195,33,78,8
204.0,19240072,19240121,0.08256880733944955,0.0023341262879862292,14,109,9
205.0,19240125,19240171,0.06493506493506493,0.003144279402867121,23,77,5
206.0,19240172,19240220,0.09210526315789473,0.0033635811784265696,12,76,7
207.0,19240222,19240271,0.0873015873015873,0.0037792544537787244,17,126,11
208.0,19240272,19240320,0.045871559633027525,0.003133898586084183,49,109,5
209.0,19240325,19240370,0.07058823529411765,0.0022094992095770807,8,85,6
210.0,19240371,19240420,0.08139534883720931,0.0010031990693251966,17,86,7
211.0,19240421,19240466,0.06172839506172839,0.0015307088670528527,20,81,5
212.0,19240471,19240520,0.03968253968253968,0.005347408917379736,39,126,5
213.0,19240521,19240569,0.05426356589147287,0.0006346857874337994,17,129,7
214.0,19240570,19240616,0.07766990291262135,0.005309394165683349,34,103,8
215.0,19240617,19240665,0.0896551724137931,0.0043301870857356635,26,145,13
216.0,19240668,19240714,0.0873015873015873,0.0047503812755211655,18,126,11
217.0,19240716,19240761,0.125,9.241650824985479e-05,33,96,12
218.0,19240763,19240811,0.125,0.002792130825145106,25,136,17
219.0,19240812,19240859,0.08333333333333333,0.0012301387758324573,28,84,7
220.0,19240860,19240909,0.10185185185185185,0.003176937435075856,23,108,11
221.0,19240910,19240955,0.08860759493670886,0.0012141231525208242,24,79,7
222.0,19240957,19241005,0.011627906976744186,0.006092188845831254,43,86,1
223.0,19241006,19241054,0.061855670103092786,0.005732110266912138,19,97,6
224.0,19241055,19241102,0.08333333333333333,0.0030117317474401477,14,120,10
225.0,19241105,19241152,0.11578947368421053,0.0032185712179790974,47,95,11
226.0,19241154,19241202,0.056,0.00386605609252659,48,125,7
227.0,19241203,19241252,0.07936507936507936,0.0023656055129756357,58,126,10
228.0,19241253,19241302,0.09917355371900827,0.0013596727897128725,51,121,12
229.0,19241304,19241350,0.047619047619047616,0.004362044754661809,51,105,5
230.0,19241353,19241401,0.1,0.0017976094880040238,46,90,9
231.0,19241402,19241450,0.11578947368421053,0.0011136836982817348,49,95,11
232.0,19241451,19241498,0.06451612903225806,0.0024423110139685576,34,93,6
233.0,19241501,19241547,0.11827956989247312,0.0012625811598574396,45,93,11
234.0,19241548,19241596,0.05714285714285714,0.005097876035684299,38,70,4
235.0,19241598,19241647,0.12857142857142856,0.0012680487469495802,47,70,9
236.0,19241648,19241697,0.075,0.0011440112007226563,54,80,6
237.0,19241699,19241747,0.0784313725490196,0.0012000810106874336,43,102,8
238.0,19241748,19241797,0.04938271604938271,0.0010153321283005658,38,81,4
239.0,19241798,19241847,0.046511627906976744,0.004501159893190107,24,86,4
240.0,19241848,19241895,0.08181818181818182,0.002841349295523963,34,110,9
241.0,19241896,19241945,0.22608695652173913,0.0009482870258983937,28,115,26
242.0,19241947,19241994,0.0546875,0.0010851455286370018,38,128,7
243.0,19241995,19242044,0.0392156862745098,0.0060393456819875825,24,153,6
244.0,19242045,19242094,0.09090909090909091,0.0015793333947992897,28,154,14
245.0,19242096,19242144,0.027210884353741496,0.0028806911465940003,17,147,4
246.0,19242145,19242193,0.056910569105691054,0.004381207663490088,32,123,7
247.0,19242195,19242243,0.05102040816326531,0.006101331470843919,30,98,5
248.0,19242249,19242293,0.08974358974358974,0.0030741398241872315,18,156,14
249.0,19242294,19242342,0.0,0.0060503190147926465,18,116,0
250.0,19242343,19242392,0.040983606557377046,0.005135805794245614,42,122,5
251.0,19242393,19242441,0.030303030303030304,0.0034920508795508276,34,132,4
252.0,19242443,19242491,0.07258064516129033,0.005564855463154162,28,124,9
253.0,19242492,19242541,0.14423076923076922,0.003617323538691771,26,104,15
254.0,19242543,19242591,0.04040404040404041,0.002700907137614853,23,99,4
255.0,19242592,19242639,0.06097560975609756,0.002763794060639228,31,82,5
256.0,19242641,19242690,0.12173913043478261,0.001505811111506354,41,115,14
257.0,19242691,19242740,0.022988505747126436,0.005823075309935405,29,87,2
258.0,19242741,19242786,0.04838709677419355,0.003910310526152749,27,62,3
259.0,19242788,19242837,0.06172839506172839,0.00516041983120411,35,81,5
260.0,19242839,19242887,0.061224489795918366,0.004405349143326514,22,49,3
261.0,19242889,19242937,0.09803921568627451,0.00530090407689392,38,51,5
262.0,19242938,19242987,0.06329113924050633,0.005862368198691603,42,79,5
263.0,19242989,19243036,0.16233766233766234,0.0026706065666448,21,154,25
264.0,19243037,19243085,0.05952380952380952,0.004713640908369764,28,84,5
265.0,19243086,19243134,0.1411764705882353,0.0007630000381216921,26,85,12
266.0,19243136,19243184,0.06363636363636363,0.005230826017130346,16,110,7
267.0,19243187,19243234,0.10227272727272728,0.001016511524820691,24,88,9
268.0,19243237,19243285,0.03333333333333333,0.004585994322715057,20,60,2
269.0,19243291,19243333,0.02531645569620253,0.006020276357403727,14,79,2
270.0,19243339,19243385,0.11392405063291139,0.00230063616388837,24,79,9
271.0,19243386,19243433,0.019867549668874173,0.004174544898688374,30,151,3
272.0,19243435,19243481,0.075,0.004633722049697511,16,80,6
273.0,19243488,19243534,0.05263157894736842,0.0028508089003028633,24,57,3
274.0,19243535,19243584,0.010638297872340425,0.0054226436049429755,25,94,1
275.0,19243586,19243634,0.02631578947368421,0.006033663682956135,22,38,1
276.0,19243635,19243684,0.1346153846153846,0.0036755872205948416,16,52,7
277.0,19243685,19243733,0.10416666666666667,0.0006115002411556253,25,48,5
278.0,19243735,19243784,0.014388489208633094,0.006092507342079725,24,139,2
279.0,19243786,19243834,0.017857142857142856,0.005271365340864491,29,56,1
280.0,19243835,19243884,0.09722222222222222,0.004337838230667858,26,72,7
281.0,19243885,19243934,0.028985507246376812,0.004460017889325719,16,69,2
282.0,19243936,19243984,0.07142857142857142,0.0035270457807850034,19,70,5
283.0,19243986,19244032,0.08620689655172414,0.0037501827367135846,24,58,5
284.0,19244033,19244081,0.04597701149425287,0.0029649396020663575,22,87,4
285.0,19244082,19244131,0.08490566037735849,0.001020570947346165,13,106,9
286.0,19244132,19244180,0.05172413793103448,0.002413298056325844,19,58,3
287.0,19244181,19244226,0.04054054054054054,0.0036862053549249745,13,74,3
288.0,19244233,19244277,0.036585365853658534,0.002331662338358754,21,82,3
289.0,19244279,19244327,0.027777777777777776,0.0035420998460709927,18,72,2
290.0,19244329,19244376,0.0425531914893617,0.0017794812772018304,35,94,4
291.0,19244381,19244424,0.011494252873563218,0.004845867708210045,21,87,1
292.0,19244427,19244476,0.018518518518518517,0.004670075782261112,20,108,2
293.0,19244477,19244525,0.043478260869565216,0.0010176917205412263,19,92,4
294.0,19244528,19244574,0.0136986301369863,0.005861514107335708,20,73,1
295.0,19244575,19244624,0.14423076923076922,0.003667108877288412,27,104,15
296.0,19244627,19244674,0.08737864077669903,0.0027814199416560277,16,103,9
297.0,19244676,19244724,0.07476635514018691,0.00048240806837154435,13,107,8
298.0,19244726,19244774,0.029197080291970802,0.0027982944135036634,18,137,4
299.0,19244775,19244823,0.050955414012738856,0.0060258299425521595,17,157,8
300.0,19244824,19244873,0.0898876404494382,0.0027390542038370075,26,89,8
301.0,19244874,19244923,0.13846153846153847,0.0041522131053681076,15,65,9
302.0,19244925,19244968,0.05357142857142857,0.005994051452821848,32,56,3
303.0,19244972,19245021,0.10144927536231885,0.004932847178448836,15,69,7
304.0,19245023,19245070,0.024390243902439025,0.002390287395925862,12,41,1
305.0,19245071,19245117,0.06060606060606061,0.003629114943567628,23,66,4
306.0,19245118,19245166,0.24675324675324675,0.0014225734230303609,24,77,19
307.0,19245167,19245216,0.0273972602739726,0.003025926602168834,25,73,2
308.0,19245218,19245265,0.043478260869565216,0.004300706752083575,24,69,3
309.0,19245266,19245314,0.04950495049504951,0.0029760736124789956,27,101,5
310.0,19245317,19245364,0.2608695652173913,0.0004811678088838688,18,115,30
311.0,19245365,19245413,0.10619469026548672,0.0025090208198920183,23,113,12
312.0,19245417,19245461,0.10236220472440945,0.0014765841775013142,16,127,13
313.0,19245467,19245512,0.0546875,0.004584788977263655,21,128,7
314.0,19245516,19245563,0.09401709401709402,0.0017085179926636905,12,117,11
315.0,19245565,19245611,0.14838709677419354,0.0009380103637127017,21,155,23
316.0,19245613,19245660,0.14814814814814814,0.00100186482039304,18,135,20
317.0,19245661,19245708,0.07291666666666667,0.0022047743948734352,26,96,7
318.0,19245709,19245757,0.13095238095238096,0.0023884780840295414,16,84,11
319.0,19245760,19245808,0.012345679012345678,0.0057709016640507295,8,81,1
320.0,19245811,19245858,0.015873015873015872,0.005324346056630988,15,63,1
321.0,19245859,19245906,0.0375,0.004473741693452525,16,80,3
322.0,19245911,19245958,0.05263157894736842,0.004368584345397092,14,76,4
323.0,19245963,19246006,0.034482758620689655,0.004084642019650702,11,58,2
324.0,19246009,19246057,0.09090909090909091,0.0003639246698711316,11,77,7
325.0,19246058,19246104,0.05,0.004352571616250034,11,80,4
326.0,19246108,19246157,0.06666666666666667,0.0010116263452572608,12,90,6
327.0,19246158,19246206,0.09722222222222222,0.0057852274274509015,17,72,7
328.0,19246209,19246256,0.04081632653061224,0.0010006238100347265,22,98,4
329.0,19246257,19246305,0.0851063829787234,0.0010443911786570477,15,94,8
330.0,19246308,19246355,0.03571428571428571,0.004094863578228252,16,84,3
331.0,19246357,19246404,0.025,0.006061936344327634,25,80,2
332.0,19246405,19246453,0.013333333333333334,0.0010052987110251983,20,75,1
333.0,19246456,19246502,0.013157894736842105,0.004582653173564452,23,76,1
334.0,19246507,19246552,0.013888888888888888,0.0019233596812763133,21,72,1
335.0,19246555,19246602,0.06578947368421052,0.0009923041133567947,18,76,5
336.0,19246603,19246648,0.0847457627118644,0.0009913394193095941,13,59,5
337.0,19246653,19246700,0.0,0.002938751549878556,20,66,0
338.0,19246702,19246751,0.016666666666666666,0.002542190547351455,15,60,1
339.0,19246752,19246801,0.05333333333333334,0.003878353664317017,20,75,4
340.0,19246805,19246847,0.11650485436893204,0.002524332244800188,13,103,12
341.0,19246849,19246893,0.06666666666666667,0.0029660208447701082,15,75,5
342.0,19246900,19246943,0.06944444444444445,0.0013075983268045655,26,72,5
343.0,19246945,19246992,0.09433962264150944,0.0021748687251498524,19,53,5
344.0,19246993,19247042,0.07272727272727272,0.0031014151670647186,22,55,4
345.0,19247043,19247090,0.028985507246376812,0.0032989279604568066,11,69,2
346.0,19247093,19247141,0.05128205128205128,0.003697083956018659,14,78,4
347.0,19247143,19247190,0.0136986301369863,0.005926590974627935,14,73,1
348.0,19247191,19247240,0.06315789473684211,0.0056576390092834645,22,95,6
349.0,19247242,19247290,0.0,0.0059094307703263,18,85,0
350.0,19247291,19247337,0.06349206349206349,0.005126911907156327,11,63,4
351.0,19247340,19247387,0.03076923076923077,0.005422403578094337,22,65,2
352.0,19247390,19247438,0.1044776119402985,0.005502030006514613,14,67,7
353.0,19247440,19247488,0.11235955056179775,0.0013592054759714043,21,89,10
354.0,19247489,19247538,0.07692307692307693,0.0012342367742469772,13,104,8
355.0,19247539,19247587,0.09722222222222222,0.004061769560977779,19,72,7
356.0,19247590,19247637,0.0891089108910891,0.0030407670023476162,15,101,9
357.0,19247638,19247683,0.027777777777777776,0.001155053831825031,14,72,2
358.0,19247688,19247736,0.07317073170731707,0.004217128843135489,25,82,6
359.0,19247737,19247786,0.0410958904109589,0.003986350912145627,22,73,3
360.0,19247788,19247835,0.03597122302158273,0.0020546387090889322,23,139,5
361.0,19247837,19247885,0.08139534883720931,0.0012245110480850496,33,86,7
362.0,19247886,19247934,0.05714285714285714,0.0010391803084795095,41,105,6
363.0,19247937,19247983,0.042105263157894736,0.00200169280632199,36,95,4
364.0,19247985,19248033,0.03571428571428571,0.0010965941966373754,34,84,3
365.0,19248034,19248083,0.05263157894736842,0.0024545937027408214,23,57,3
366.0,19248087,19248131,0.015625,0.005045659404412395,19,64,1
367.0,19248133,19248179,0.05154639175257732,0.004400128843824719,16,97,5
368.0,19248184,19248228,0.041666666666666664,0.001299855445622939,52,96,4
369.0,19248230,19248278,0.1328125,0.0009786534589948128,38,128,17
370.0,19248279,19248327,0.07368421052631578,0.004842331491543833,31,95,7
371.0,19248329,19248376,0.06666666666666667,0.00148239854719246,34,75,5
372.0,19248379,19248427,0.11290322580645161,0.0031333248567974713,31,62,7
373.0,19248428,19248477,0.04,0.00326531438605941,33,75,3
374.0,19248478,19248525,0.03225806451612903,0.004909423537973667,27,62,2
375.0,19248526,19248573,0.14754098360655737,0.0043672602031526305,29,61,9
376.0,19248575,19248624,0.18518518518518517,0.003909123163339259,29,108,20
377.0,19248625,19248674,0.1044776119402985,0.0010039669304427474,24,67,7
378.0,19248681,19248722,0.08333333333333333,0.0012203908004758993,24,72,6
379.0,19248726,19248774,0.07692307692307693,0.002255878782928437,24,78,6
380.0,19248775,19248823,0.18292682926829268,0.0002509468391096671,24,82,15
381.0,19248826,19248873,0.0,0.004788923904000469,25,62,0
382.0,19248874,19248920,0.0821917808219178,0.003858885578015789,29,73,6
383.0,19248922,19248970,0.08602150537634409,0.004152702146065456,24,93,8
384.0,19248971,19249019,0.09574468085106383,0.005853936823868554,24,94,9
385.0,19249020,19249068,0.08771929824561403,0.005197072221687933,32,114,10
386.0,19249070,19249118,0.16326530612244897,0.0005162441963759059,23,98,16
387.0,19249119,19249167,0.16666666666666666,0.0021472168426076637,29,102,17
388.0,19249169,19249218,0.033707865168539325,0.004891829768158902,34,89,3
389.0,19249220,19249266,0.025974025974025976,0.006045854154467746,31,77,2
390.0,19249269,19249315,0.0975609756097561,0.0037117997363455544,24,82,8
391.0,19249317,19249364,0.08571428571428572,0.0010120011681126104,26,105,9
392.0,19249366,19249415,0.08045977011494253,0.00470780965160065,25,87,7
393.0,19249416,19249463,0.041237113402061855,0.0051440039802374575,25,97,4
394.0,19249465,19249512,0.061224489795918366,0.00401759110329393,14,98,6
395.0,19249514,19249559,0.060240963855421686,0.004345811384025875,25,83,5
396.0,19249561,19249610,0.10679611650485436,0.0010263243933791213,31,103,11
397.0,19249611,19249660,0.06578947368421052,0.0051508559402837694,24,76,5
398.0,19249661,19249708,0.08064516129032258,0.004944397370621193,25,62,5
399.0,19249710,19249759,0.07317073170731707,0.005461436280679027,31,82,6
400.0,19249760,19249809,0.12121212121212122,0.005996741122833797,23,66,8
401.0,19249810,19249858,0.057971014492753624,0.003838381329979553,14,69,4
402.0,19249863,19249908,0.10638297872340426,0.0010243959267375298,23,47,5
403.0,19249909,19249958,0.10416666666666667,0.0019575476516305573,36,48,5
404.0,19249959,19250007,0.028846153846153848,0.0029782380055522954,22,104,3
405.0,19250011,19250057,0.039473684210526314,0.0011081534537031334,14,152,6
406.0,19250059,19250107,0.07462686567164178,0.0016843496089983692,35,67,5
407.0,19250110,19250156,0.08620689655172414,0.005177754610144935,38,58,5
408.0,19250157,19250205,0.10714285714285714,0.0004262628956038604,26,56,6
409.0,19250207,19250255,0.3591549295774648,0.0005528298927280469,47,142,51
410.0,19250256,19250304,0.0945945945945946,0.002984393326966111,36,74,7
411.0,19250306,19250355,0.05847953216374269,0.005043163397703212,27,171,10
412.0,19250356,19250403,0.09473684210526316,0.00143703131207697,39,95,9
413.0,19250406,19250453,0.1,0.0011256091946494086,33,80,8
414.0,19250455,19250504,0.08791208791208792,0.0013393538067600172,23,91,8
415.0,19250505,19250552,0.08064516129032258,0.0022856427195024143,38,62,5
416.0,19250555,19250603,0.18421052631578946,0.0013024150731671337,31,76,14
417.0,19250605,19250653,0.19230769230769232,0.0012615044066177719,31,104,20
418.0,19250655,19250704,0.039473684210526314,0.0018565480193349436,30,152,6
419.0,19250705,19250752,0.13095238095238096,0.0016194686033915964,26,84,11
420.0,19250753,19250802,0.04201680672268908,0.0028406569158479457,19,119,5
421.0,19250803,19250852,0.06741573033707865,0.005617816632567477,32,89,6
422.0,19250853,19250896,0.1728395061728395,0.001002732245274524,21,81,14
423.0,19250898,19250947,0.12307692307692308,0.0018573208806376197,28,65,8
424.0,19250948,19250997,0.0821917808219178,0.0027010650137829326,28,73,6
425.0,19250998,19251046,0.017857142857142856,0.002049316053814454,25,56,1
426.0,19251047,19251096,0.06,0.0012791413191362091,43,50,3
427.0,19251098,19251144,0.05555555555555555,0.0059667694637381904,34,54,3
428.0,19251146,19251193,0.0392156862745098,0.001184553664184682,30,51,2
429.0,19251198,19251243,0.09302325581395349,0.0012886865901149717,34,43,4
430.0,19251244,19251291,0.0958904109589041,0.0026384053031581534,19,73,7
431.0,19251295,19251342,0.04,0.004540835857708368,20,50,2
432.0,19251344,19251392,0.0967741935483871,0.0009159757493061538,16,62,6
433.0,19251393,19251441,0.03389830508474576,0.00438042324238635,19,59,2
434.0,19251445,19251492,0.018518518518518517,0.0038567019422435177,31,54,1
435.0,19251493,19251542,0.1111111111111111,0.000998961314349222,30,63,7
436.0,19251544,19251590,0.024390243902439025,0.001373371661352051,22,82,2
437.0,19251593,19251641,0.05056179775280899,0.004341857288060598,43,178,9
438.0,19251642,19251691,0.072992700729927,0.0014078412535448927,51,137,10
439.0,19251693,19251735,0.041666666666666664,0.004513269464143704,31,48,2
440.0,19251742,19251790,0.09090909090909091,0.003413804886440806,28,77,7
441.0,19251791,19251839,0.05,0.0027268844529341257,34,60,3
442.0,19251840,19251888,0.1794871794871795,0.0003727604515703664,22,78,14
443.0,19251889,19251938,0.09649122807017543,0.002211012029971136,22,114,11
444.0,19251941,19251985,0.08396946564885496,0.002262075622933267,23,131,11
445.0,19251993,19252035,0.07462686567164178,0.0018477426536781998,20,67,5
446.0,19252042,19252085,0.15730337078651685,0.000999911770754863,30,89,14
447.0,19252087,19252133,0.10638297872340426,0.0010053298689991007,21,94,10
448.0,19252134,19252183,0.07936507936507936,0.004510139016131779,21,126,10
449.0,19252184,19252232,0.07758620689655173,0.005332238317545018,32,116,9
450.0,19252237,19252282,0.08396946564885496,0.005437410909158497,10,131,11
451.0,19252283,19252331,0.03389830508474576,0.0017078440084041593,26,118,4
452.0,19252332,19252381,0.07246376811594203,0.004851076881863004,25,138,10
453.0,19252382,19252430,0.05952380952380952,0.004416534792495985,23,84,5
454.0,19252431,19252474,0.04285714285714286,0.005568650411411303,16,70,3
455.0,19252480,19252529,0.08433734939759036,0.0007337231798535565,16,83,7
456.0,19252530,19252578,0.05405405405405406,0.001213873609432035,23,74,4
457.0,19252579,19252623,0.057971014492753624,0.003959428669743036,22,69,4
458.0,19252627,19252674,0.07236842105263158,0.004296060833964794,13,152,11
459.0,19252675,19252722,0.040268456375838924,0.0009799341445383746,13,149,6
460.0,19252725,19252773,0.044585987261146494,0.0010345465944564059,23,157,7
461.0,19252775,19252822,0.06756756756756757,0.004087208095314665,31,148,10
462.0,19252823,19252872,0.08536585365853659,0.0009891884371647712,13,82,7
463.0,19252873,19252918,0.1111111111111111,0.0010556864822249179,38,108,12
464.0,19252921,19252968,0.08823529411764706,0.0005863732896007909,22,102,9
465.0,19252969,19253018,0.0423728813559322,0.0011887669692965052,24,118,5
466.0,19253019,19253068,0.08943089430894309,0.0027074250024047256,22,123,11
467.0,19253069,19253116,0.0743801652892562,0.001179017677729226,27,121,9
468.0,19253120,19253165,0.07446808510638298,0.004014026147528446,12,94,7
469.0,19253168,19253215,0.05970149253731343,0.0014058251512807569,33,134,8
470.0,19253216,19253263,0.0821917808219178,0.0010452292526333953,18,146,12
471.0,19253270,19253314,0.1,0.0040875581898010445,22,120,12
472.0,19253317,19253362,0.1134020618556701,0.0032759643304360424,20,97,11
473.0,19253366,19253412,0.10317460317460317,0.004134054548302393,22,126,13
474.0,19253413,19253462,0.1232876712328767,0.0027754344780766575,13,219,27
475.0,19253463,19253510,0.1016949152542373,0.0033543290862883164,11,236,24
476.0,19253511,19253560,0.010526315789473684,0.00587758236140905,14,190,2
477.0,19253561,19253610,0.14218009478672985,0.0020598145696013623,12,211,30
478.0,19253612,19253659,0.11904761904761904,0.0039371664746744185,12,168,20
479.0,19253663,19253709,0.05970149253731343,0.003241195498564493,38,134,8
480.0,19253710,19253759,0.04310344827586207,0.004106224409846301,15,116,5
481.0,19253761,19253809,0.10236220472440945,0.006040385128647477,14,127,13
482.0,19253811,19253857,0.1048951048951049,0.0032791855315404436,27,143,15
483.0,19253859,19253906,0.16666666666666666,0.0019394419956327805,15,138,23
484.0,19253907,19253956,0.06422018348623854,0.0048657651975258735,9,109,7
485.0,19253958,19254005,0.0547945205479452,0.004776581826825639,17,73,4
486.0,19254007,19254055,0.06097560975609756,0.0030327837053542054,18,82,5
487.0,19254059,19254105,0.1188118811881188,0.0010329339493407275,24,101,12
488.0,19254106,19254154,0.04878048780487805,0.0018661404501678985,19,82,4
489.0,19254157,19254202,0.09210526315789473,0.0011827475246062654,11,76,7
490.0,19254205,19254254,0.11214953271028037,0.0010238176174837085,12,107,12
491.0,19254257,19254304,0.11926605504587157,0.0016965384835208918,20,109,13
492.0,19254305,19254354,0.029411764705882353,0.0015558877636163357,36,68,2
493.0,19254357,19254402,0.07272727272727272,0.0013444716794095437,13,55,4
494.0,19254404,19254450,0.08196721311475409,0.0010932303801766139,11,61,5
495.0,19254451,19254499,0.05194805194805195,0.002775516037282228,14,77,4
496.0,19254500,19254548,0.04639175257731959,0.0012544653763856461,23,194,9
497.0,19254550,19254599,0.10303030303030303,0.0012260745736273858,15,165,17
498.0,19254606,19254647,0.013333333333333334,0.005133697640196392,16,75,1
499.0,19254650,19254699,0.08045977011494253,0.0020679034746600407,27,87,7
500.0,19254700,19254748,0.08421052631578947,0.0009977701032912098,30,95,8
501.0,19254749,19254795,0.0625,0.004918100361073444,24,80,5
502.0,19254798,19254844,0.07142857142857142,6.260549477956361e-05,24,84,6
503.0,19254847,19254891,0.1111111111111111,0.0010004020804541662,16,81,9
504.0,19254894,19254941,0.045454545454545456,0.0009967171691948277,28,66,3
505.0,19254945,19254992,0.03669724770642202,0.005755406701727861,30,109,4
506.0,19254993,19255042,0.10091743119266056,0.0010003153412935565,13,109,11
507.0,19255043,19255092,0.046875,0.0018108860117487088,25,64,3
508.0,19255093,19255136,0.07692307692307693,0.0022922774759544682,24,65,5
509.0,19255141,19255189,0.05333333333333334,0.006038220522614344,27,75,4
510.0,19255191,19255237,0.023255813953488372,0.006017034055011461,29,86,2
511.0,19255242,19255290,0.14285714285714285,0.0011294875581356046,31,98,14
512.0,19255292,19255339,0.045454545454545456,0.0028572530215649214,29,66,3
513.0,19255341,19255386,0.11956521739130435,0.0010062671942992817,29,92,11
514.0,19255390,19255437,0.046153846153846156,0.00482053544867408,30,65,3
515.0,19255438,19255487,0.11494252873563218,0.001969486396970376,16,174,20
516.0,19255489,19255535,0.05945945945945946,0.0011275028836336117,21,185,11
517.0,19255537,19255586,0.20655737704918034,0.0010038554188345847,22,305,63
518.0,19255590,19255633,0.038461538461538464,0.0034201125285065036,30,234,9
519.0,19255634,19255683,0.06666666666666667,0.0017600618527125412,22,210,14
520.0,19255684,19255728,0.12903225806451613,0.003467594626829382,30,124,16
521.0,19255732,19255781,0.11612903225806452,0.004288365162228906,24,155,18
522.0,19255782,19255830,0.06040268456375839,0.003732583386013102,32,149,9
523.0,19255833,19255877,0.059880239520958084,0.0006250284833639334,22,167,10
524.0,19255882,19255929,0.11258278145695365,0.0006107327921459777,21,151,17
525.0,19255930,19255975,0.12962962962962962,0.002607711618988615,27,108,14
526.0,19255977,19256025,0.1346153846153846,0.001012534594038414,33,104,14
527.0,19256027,19256074,0.13636363636363635,0.0006779295316703083,42,66,9
528.0,19256075,19256122,0.09523809523809523,0.0056673275002685096,25,63,6
529.0,19256125,19256174,0.08064516129032258,0.005715036429534467,48,62,5
530.0,19256175,19256223,0.1095890410958904,0.005112672226052689,34,73,8
531.0,19256224,19256271,0.08433734939759036,0.001007921102141925,50,83,7
532.0,19256272,19256320,0.11764705882352941,0.0009990201904371565,20,102,12
533.0,19256322,19256368,0.21649484536082475,0.000560007180128925,39,97,21
534.0,19256371,19256419,0.1111111111111111,0.0001865639790479454,34,63,7
535.0,19256420,19256468,0.13253012048192772,0.000925263628894182,48,83,11
536.0,19256469,19256518,0.07142857142857142,0.006036802736106943,26,70,5
537.0,19256519,19256567,0.15789473684210525,0.002655938365437852,42,76,12
538.0,19256568,19256615,0.15492957746478872,0.00435214746958086,44,71,11
539.0,19256616,19256665,0.15151515151515152,0.0018933493790454694,26,132,20
540.0,19256666,19256714,0.03,0.005351433537655684,42,100,3
541.0,19256715,19256764,0.1393939393939394,0.00134927977976478,27,165,23
542.0,19256766,19256814,0.08943089430894309,0.0020208423498250857,43,123,11
543.0,19256815,19256864,0.08849557522123894,0.0018050127099155913,39,113,10
544.0,19256866,19256912,0.19469026548672566,0.0009982366366892126,34,113,22
545.0,19256913,19256960,0.0625,0.0012731700652899255,44,80,5
546.0,19256962,19257009,0.11304347826086956,0.0010063447781508321,34,115,13
547.0,19257012,19257059,0.07042253521126761,0.0015550429346501355,32,71,5
548.0,19257061,19257108,0.1076923076923077,0.0011041131304487769,22,65,7
549.0,19257111,19257157,0.09090909090909091,0.0033649057666366605,22,66,6
550.0,19257158,19257206,0.05555555555555555,0.0023089380300874963,17,72,4
551.0,19257207,19257255,0.11392405063291139,0.002185812894542743,21,79,9
552.0,19257258,19257305,0.03875968992248062,0.002585794455026345,29,129,5
553.0,19257306,19257355,0.25,0.0009978445757638757,28,56,14
554.0,19257356,19257403,0.07352941176470588,0.005682829109696601,39,68,5
555.0,19257404,19257451,0.109375,0.0025419863608308383,71,64,7
556.0,19257452,19257500,0.06060606060606061,0.004518389287227906,55,66,4
557.0,19257502,19257550,0.45161290322580644,5.8296479532359085e-05,44,93,42
558.0,19257551,19257600,0.1125,0.001042343371648273,104,80,9
559.0,19257602,19257650,0.057692307692307696,0.0031205747184096426,62,52,3
560.0,19257651,19257699,0.06666666666666667,0.004637744046915323,86,60,4
561.0,19257700,19257747,0.05084745762711865,0.005597159844076409,76,59,3
562.0,19257750,19257796,0.02857142857142857,0.005641231065416905,44,70,2
563.0,19257797,19257846,0.0,0.00604896274377012,60,65,0
564.0,19257847,19257895,0.10256410256410256,0.005414883694438308,52,78,8
565.0,19257896,19257944,0.0784313725490196,0.00401367289433801,41,51,4
566.0,19257947,19257994,0.03389830508474576,0.0012979161824394421,57,59,2
567.0,19257996,19258044,0.021739130434782608,0.00601571462698116,52,46,1
568.0,19258045,19258093,0.14935064935064934,0.0017162627423650588,32,154,23
569.0,19258094,19258139,0.07563025210084033,0.0043938130871098635,41,119,9
570.0,19258142,19258188,0.11333333333333333,0.0019641349571984552,39,150,17
571.0,19258189,19258237,0.13761467889908258,0.0014701827725378766,33,109,15
572.0,19258239,19258288,0.14492753623188406,0.0030197141770847763,59,138,20
573.0,19258289,19258337,0.0449438202247191,0.005943226487769858,49,89,4
574.0,19258339,19258387,0.05952380952380952,0.0011800215308244012,34,84,5
575.0,19258388,19258437,0.046511627906976744,0.0018212371792056458,47,86,4
576.0,19258438,19258487,0.18604651162790697,4.434847456344226e-05,34,86,16
577.0,19258489,19258536,0.03680981595092025,0.0010415040574860669,23,163,6
578.0,19258537,19258586,0.07142857142857142,0.0012490018268364014,44,70,5
579.0,19258587,19258633,0.14084507042253522,0.000827209899213287,31,71,10
580.0,19258635,19258684,0.07894736842105263,0.005425943433863697,28,76,6
581.0,19258686,19258733,0.08771929824561403,0.002521560792750865,38,57,5
582.0,19258734,19258782,0.08333333333333333,0.0048511228248491155,34,72,6
583.0,19258784,19258832,0.08024691358024691,0.005270501228981131,42,162,13
584.0,19258833,19258882,0.05737704918032787,0.0047169192909261234,36,244,14
585.0,19258883,19258930,0.10112359550561797,0.0031116208575885916,37,89,9
586.0,19258932,19258978,0.03076923076923077,0.004085002938406995,44,65,2
587.0,19258981,19259029,0.25,0.0018052292621066777,39,64,16
588.0,19259031,19259077,0.0967741935483871,0.005171793936047131,26,62,6
589.0,19259078,19259126,0.23655913978494625,0.00047148123028510516,24,93,22
590.0,19259127,19259175,0.14432989690721648,0.001929335269792787,29,97,14
591.0,19259176,19259223,0.08396946564885496,0.0033029756396432196,34,131,11
592.0,19259225,19259273,0.06918238993710692,0.006023669158359458,29,159,11
593.0,19259275,19259322,0.12101910828025478,0.002796761630125472,18,157,19
594.0,19259324,19259370,0.10309278350515463,0.0018700869198782282,30,97,10
595.0,19259372,19259419,0.07317073170731707,0.0027646807537408807,40,82,6
596.0,19259421,19259467,0.11607142857142858,0.000783945315567541,35,112,13
597.0,19259473,19259519,0.07317073170731707,0.0018389348380066966,29,82,6
598.0,19259520,19259568,0.12222222222222222,0.0012349771129976802,23,90,11
599.0,19259570,19259618,0.07446808510638298,0.0010446929354497269,23,94,7
600.0,19259620,19259667,0.07526881720430108,0.0011312733746644623,23,93,7
601.0,19259670,19259718,0.15306122448979592,0.0014853379095374041,22,98,15
602.0,19259719,19259767,0.07441860465116279,0.0016665767404503672,24,215,16
603.0,19259768,19259816,0.0975609756097561,0.0017036257818354907,27,164,16
604.0,19259818,19259862,0.06060606060606061,0.003921293863745873,46,165,10
605.0,19259864,19259911,0.07428571428571429,0.002476079196724522,50,175,13
606.0,19259912,19259960,0.049079754601226995,0.006084190629353456,43,163,8
607.0,19259962,19260009,0.052083333333333336,0.003744184056390623,52,96,5
608.0,19260011,19260060,0.06315789473684211,0.004444847772046969,46,95,6
609.0,19260061,19260110,0.12222222222222222,0.0009960368351123702,40,90,11
610.0,19260111,19260156,0.12037037037037036,0.004852954534642264,43,108,13
611.0,19260158,19260203,0.125,0.0010087648734924222,35,80,10
612.0,19260207,19260255,0.07777777777777778,0.004084586583739564,75,90,7
613.0,19260257,19260306,0.04854368932038835,0.003878660677367956,53,103,5
614.0,19260307,19260356,0.06837606837606838,0.0031974192117078257,29,117,8
615.0,19260357,19260404,0.11475409836065574,0.002106706482848918,29,122,14
616.0,19260407,19260455,0.0891089108910891,0.0030985717972290476,22,101,9
617.0,19260458,19260504,0.1323529411764706,0.0037755303135616155,29,68,9
618.0,19260506,19260554,0.06976744186046512,0.0025219432171743822,25,172,12
619.0,19260556,19260604,0.10655737704918032,0.0016073519936561735,33,122,13
620.0,19260605,19260654,0.07339449541284404,0.001799712718140325,40,109,8
621.0,19260655,19260704,0.054945054945054944,0.0015422193361820898,38,182,10
622.0,19260705,19260753,0.06030150753768844,0.0017757341886085328,45,199,12
623.0,19260755,19260802,0.05185185185185185,0.002128173542833489,16,135,7
624.0,19260804,19260851,0.04807692307692308,0.0033355433595538245,31,104,5
625.0,19260853,19260899,0.05263157894736842,0.005705706584557052,27,57,3
626.0,19260903,19260949,0.11392405063291139,0.0017045609761091231,27,79,9
627.0,19260950,19260997,0.125,0.0028081521061634573,31,64,8
628.0,19260998,19261047,0.0547945205479452,0.0018935546620695545,27,73,4
629.0,19261049,19261096,0.03821656050955414,0.006018956087881693,24,157,6
630.0,19261097,19261146,0.09375,0.001264720442597508,27,64,6
631.0,19261147,19261193,0.11904761904761904,0.0009861097057199235,54,84,10
632.0,19261196,19261245,0.14444444444444443,0.001664111963738799,25,90,13
633.0,19261246,19261293,0.08450704225352113,0.0054848860837582464,13,71,6
634.0,19261294,19261343,0.09433962264150944,0.004273331813424064,28,53,5
635.0,19261345,19261393,0.20253164556962025,0.00037199628939507104,30,79,16
636.0,19261396,19261442,0.016129032258064516,0.003269308318239,20,62,1
637.0,19261444,19261491,0.17307692307692307,0.0033184796062584363,12,104,18
638.0,19261498,19261540,0.11428571428571428,0.0038249809558419537,12,105,12
639.0,19261541,19261588,0.13793103448275862,0.0010021386695290137,20,116,16
640.0,19261591,19261638,0.16161616161616163,0.0010051682884490748,21,99,16
641.0,19261640,19261687,0.0,0.006035186683217229,21,88,0
642.0,19261689,19261737,0.09090909090909091,0.004437463359692098,20,99,9
643.0,19261739,19261788,0.06666666666666667,0.0038296364280228394,29,135,9
644.0,19261789,19261836,0.06593406593406594,0.0024322751364782105,22,91,6
645.0,19261838,19261884,0.0821917808219178,0.004833890577510594,23,146,12
646.0,19261888,19261933,0.0,0.005483093515720396,27,78,0
647.0,19261935,19261983,0.2815533980582524,0.0002700653981032774,14,103,29
648.0,19261985,19262031,0.12658227848101267,0.0011606432200682098,17,79,10
649.0,19262035,19262082,0.2897196261682243,0.0006072977668271809,22,107,31
650.0,19262084,19262132,0.1,0.000610436052069131,14,80,8
651.0,19262133,19262182,0.09701492537313433,0.0011617826395910525,28,134,13
652.0,19262184,19262232,0.1095890410958904,0.0011783311428546302,30,146,16
653.0,19262233,19262282,0.07079646017699115,0.005811720825400661,33,113,8
654.0,19262283,19262332,0.08527131782945736,0.001993751843170424,23,129,11
655.0,19262333,19262378,0.13829787234042554,0.0012185541317642661,22,94,13
656.0,19262380,19262428,0.13592233009708737,0.0010043033551900853,25,103,14
657.0,19262431,19262479,0.12698412698412698,0.003268156733140339,24,126,16
658.0,19262480,19262528,0.125,0.001007447409412157,38,96,12
659.0,19262529,19262578,0.1368421052631579,0.0028552356667110776,40,95,13
660.0,19262582,19262628,0.17829457364341086,0.0010288036116906972,36,129,23
661.0,19262629,19262678,0.1346153846153846,0.0011871731213309352,36,104,14
662.0,19262679,19262726,0.21621621621621623,0.000992140518162356,30,74,16
663.0,19262727,19262774,0.12871287128712872,0.0015897484945493828,37,101,13
664.0,19262777,19262825,0.21818181818181817,0.001207761354428441,30,110,24
665.0,19262826,19262869,0.041666666666666664,0.0028264441422512577,16,96,4
666.0,19262875,19262924,0.07291666666666667,0.00307688890784261,42,96,7
667.0,19262925,19262973,0.144,0.004569769497226352,26,125,18
668.0,19262974,19263020,0.18461538461538463,0.00043586177641643587,27,65,12
669.0,19263021,19263070,0.09876543209876543,0.005190305618371229,51,81,8
670.0,19263071,19263120,0.0684931506849315,0.0019784580819929396,53,73,5
671.0,19263122,19263169,0.10989010989010989,0.0013204422487727472,49,91,10
672.0,19263170,19263219,0.12,0.004908679394506214,35,50,6
673.0,19263221,19263267,0.12857142857142856,0.0008703577412605142,61,70,9
674.0,19263268,19263316,0.041237113402061855,0.0030242578260461267,57,97,4
675.0,19263317,19263363,0.07936507936507936,0.002895630870087522,33,126,10
676.0,19263368,19263415,0.16,0.0014882385830088608,42,100,16
677.0,19263416,19263464,0.07017543859649122,0.004913202055532479,53,114,8
678.0,19263467,19263515,0.08163265306122448,0.005927345738104469,35,98,8
679.0,19263516,19263564,0.15,0.0010202645800226587,35,100,15
680.0,19263566,19263614,0.075,0.0033659948136382798,49,80,6
681.0,19263616,19263664,0.043478260869565216,0.0014393008658856136,29,69,3
682.0,19263666,19263714,0.06493506493506493,0.0010088245006589368,59,77,5
683.0,19263715,19263764,0.15151515151515152,0.0010768483544482204,37,99,15
684.0,19263766,19263813,0.19727891156462585,0.00032924953437861774,43,147,29
685.0,19263815,19263862,0.09876543209876543,0.002806440997451098,30,81,8
686.0,19263863,19263911,0.05102040816326531,0.003710250887617657,47,98,5
687.0,19263913,19263962,0.043010752688172046,0.006015400686176307,36,93,4
688.0,19263964,19264011,0.08196721311475409,0.00437607980235344,40,61,5
689.0,19264012,19264061,0.1322314049586777,0.0044186578774409084,35,121,16
690.0,19264062,19264111,0.0380952380952381,0.006006757225553557,55,105,4
691.0,19264112,19264159,0.102803738317757,0.0011143461178492345,49,107,11
692.0,19264162,19264211,0.13186813186813187,0.00493468797698969,30,91,12
693.0,19264212,19264259,0.08433734939759036,0.005799286156195308,19,83,7
694.0,19264263,19264310,0.08064516129032258,0.005101143745538913,37,124,10
695.0,19264311,19264358,0.010869565217391304,0.004950918843229992,34,92,1
696.0,19264362,19264408,0.09090909090909091,0.004683770612036536,34,77,7
697.0,19264411,19264458,0.11594202898550725,0.004712477597233712,18,138,16
698.0,19264459,19264508,0.06796116504854369,0.004574774748805188,39,103,7
699.0,19264509,19264555,0.09473684210526316,0.001501968966049194,59,95,9
700.0,19264556,19264605,0.08247422680412371,0.001166026433375502,44,97,8
701.0,19264606,19264654,0.028169014084507043,0.006287777491589941,39,71,2
702.0,19264656,19264703,0.11494252873563218,0.004242200156706297,39,87,10
703.0,19264705,19264752,0.1111111111111111,0.0013731894294882183,31,117,13
704.0,19264755,19264803,0.14130434782608695,0.0011955600467090939,44,92,13
705.0,19264805,19264852,0.0379746835443038,0.005884615739480413,44,79,3
706.0,19264854,19264903,0.14414414414414414,0.0010678488495084642,63,111,16
707.0,19264904,19264950,0.12222222222222222,0.00103227222968162,33,90,11
708.0,19264954,19265002,0.11224489795918367,0.001901095642454331,27,98,11
709.0,19265004,19265053,0.056818181818181816,0.0016230567515643452,32,88,5
710.0,19265055,19265103,0.05102040816326531,0.0031391538812777647,33,98,5
711.0,19265106,19265150,0.08955223880597014,0.0016662080845708776,65,67,6
712.0,19265153,19265202,0.1527777777777778,0.0032006626757388177,43,72,11
713.0,19265203,19265252,0.09183673469387756,0.0036749091917187503,45,98,9
714.0,19265253,19265302,0.06451612903225806,0.004465108359198125,46,93,6
715.0,19265303,19265349,0.037037037037037035,0.0037193566978201524,45,81,3
716.0,19265350,19265399,0.07,0.00417367740875243,62,100,7
717.0,19265400,19265449,0.06349206349206349,0.0014633910682575392,50,63,4
718.0,19265451,19265498,0.047619047619047616,0.0035491435755610956,34,84,4
719.0,19265500,19265548,0.1368421052631579,0.0024854509106132616,31,95,13
720.0,19265550,19265599,0.06896551724137931,0.0032899293532343663,41,87,6
721.0,19265601,19265649,0.07777777777777778,0.00113185697313629,63,90,7
722.0,19265650,19265698,0.10144927536231885,0.003462503746059345,48,69,7
723.0,19265703,19265747,0.08333333333333333,0.0017932900160092533,35,72,6
724.0,19265750,19265799,0.15942028985507245,0.002897479132064645,44,69,11
725.0,19265800,19265847,0.057971014492753624,0.005374399549359719,26,69,4
726.0,19265850,19265898,0.08450704225352113,0.0011729033757651099,37,71,6
727.0,19265899,19265947,0.19298245614035087,0.0010055273082223083,30,114,22
728.0,19265949,19265997,0.08280254777070063,0.0057957408608073835,26,157,13
729.0,19265998,19266047,0.125,0.003319699751336616,35,88,11
730.0,19266048,19266097,0.24444444444444444,0.0009466625635271179,34,90,22
731.0,19266100,19266147,0.22429906542056074,0.001325010524885338,33,107,24
732.0,19266149,19266197,0.12295081967213115,0.000932320200863438,36,122,15
733.0,19266198,19266246,0.07339449541284404,0.0009845532597404147,35,109,8
734.0,19266250,19266296,0.045454545454545456,0.003245305290411801,29,110,5
735.0,19266298,19266344,0.013043478260869565,0.002276656023858935,37,230,3
736.0,19266347,19266396,0.0,0.006056663236106993,34,149,0
737.0,19266398,19266445,0.0989010989010989,0.001326177961623666,36,91,9
738.0,19266446,19266495,0.03076923076923077,0.005285095183464886,30,65,2
739.0,19266496,19266541,0.07291666666666667,0.004283409869827226,21,96,7
740.0,19266546,19266595,0.08602150537634409,0.002584932855356975,40,93,8
741.0,19266596,19266644,0.13114754098360656,0.001137439492984656,40,122,16
742.0,19266646,19266694,0.07692307692307693,0.0009723595192056996,15,143,11
743.0,19266697,19266743,0.05789473684210526,0.004760462630954181,17,190,11
744.0,19266746,19266792,0.11475409836065574,0.0020584956057635045,24,122,14
745.0,19266794,19266842,0.031914893617021274,0.0012399209651853455,19,94,3
746.0,19266844,19266892,0.056910569105691054,0.004174401228669544,40,123,7
747.0,19266893,19266941,0.045454545454545456,0.006011433191918179,45,88,4
748.0,19266945,19266992,0.028169014084507043,0.0060345400215288695,42,71,2
749.0,19266993,19267041,0.07017543859649122,0.00449727056338485,31,171,12
750.0,19267043,19267092,0.046511627906976744,0.0054829071688689245,23,129,6
751.0,19267093,19267141,0.0784313725490196,0.004749543571780801,22,102,8
752.0,19267144,19267191,0.07194244604316546,0.0009074228206392748,16,139,10
753.0,19267193,19267242,0.23423423423423423,7.197381413110995e-05,21,111,26
754.0,19267243,19267292,0.0963855421686747,0.00479814239378633,29,83,8
755.0,19267293,19267342,0.0379746835443038,0.004208300461934768,17,79,3
756.0,19267343,19267392,0.06097560975609756,0.0032637069289650207,31,82,5
757.0,19267393,19267442,0.06578947368421052,0.0013934296984697597,29,76,5
758.0,19267443,19267491,0.04878048780487805,0.0011685753445147067,23,82,4
759.0,19267493,19267542,0.14018691588785046,0.0009823117933040616,25,107,15
760.0,19267544,19267592,0.05154639175257732,0.001555904129110184,22,97,5
761.0,19267593,19267641,0.12048192771084337,0.000905661243028392,20,83,10
762.0,19267642,19267691,0.09649122807017543,0.0005587251299913547,15,114,11
763.0,19267692,19267740,0.1111111111111111,0.0012932612034355145,23,99,11
764.0,19267742,19267790,0.10236220472440945,0.0002888439998695318,12,127,13
765.0,19267794,19267840,0.04716981132075472,0.005275901663163985,17,106,5
766.0,19267841,19267890,0.05426356589147287,0.002782830190397086,30,129,7
767.0,19267892,19267940,0.10687022900763359,0.0039460043564349115,22,131,14
768.0,19267943,19267989,0.04,0.0019177847790903576,24,100,4
769.0,19267991,19268037,0.046875,0.0010585976462935505,21,128,6
770.0,19268039,19268087,0.037383177570093455,0.0011543304649704932,37,107,4
771.0,19268088,19268137,0.04807692307692308,0.0017795035840078206,41,104,5
772.0,19268138,19268186,0.03424657534246575,0.0043291239330727,43,146,5
773.0,19268187,19268234,0.03424657534246575,0.00598573350741093,34,146,5
774.0,19268236,19268282,0.027624309392265192,0.005082732138253959,37,181,5
775.0,19268283,19268331,0.037037037037037035,0.0033080129779275796,35,135,5
776.0,19268332,19268381,0.09230769230769231,0.0011468261707417511,26,65,6
777.0,19268382,19268429,0.11688311688311688,0.0023102181070789466,38,77,9
778.0,19268431,19268478,0.12307692307692308,0.003802060023384531,25,65,8
779.0,19268480,19268528,0.047058823529411764,0.004930145196478019,53,85,4
780.0,19268529,19268577,0.07246376811594203,0.002828530615406669,28,69,5
781.0,19268578,19268626,0.189873417721519,0.0008228464376051614,39,79,15
782.0,19268628,19268677,0.21,2.008016530294118e-05,31,100,21
783.0,19268678,19268727,0.1,0.002611257979345573,33,110,11
784.0,19268728,19268776,0.029411764705882353,0.003361613945866526,31,102,3
785.0,19268778,19268826,0.08108108108108109,0.0018304501356890394,35,74,6
786.0,19268827,19268875,0.10222222222222223,0.002509829277403987,21,225,23
787.0,19268876,19268923,0.03529411764705882,0.00565451344611197,39,170,6
788.0,19268926,19268973,0.08280254777070063,0.0021033170126649853,27,157,13
789.0,19268974,19269022,0.0872093023255814,0.0014365895922303243,38,172,15
790.0,19269024,19269072,0.03787878787878788,0.0028263428321102665,25,132,5
791.0,19269073,19269120,0.112,0.0009386079027856437,25,125,14
792.0,19269122,19269169,0.05660377358490566,0.001513982908209174,35,106,6
793.0,19269170,19269215,0.08928571428571429,0.0009383861235470744,33,112,10
794.0,19269217,19269265,0.02654867256637168,0.004572472342374541,49,113,3
795.0,19269267,19269314,0.10091743119266056,0.0011606195419535204,54,109,11
796.0,19269315,19269364,0.03305785123966942,0.004425376787371047,33,121,4
797.0,19269365,19269414,0.03787878787878788,0.005433175488029029,45,132,5
798.0,19269416,19269462,0.0660377358490566,0.0018830003920962718,45,106,7
799.0,19269465,19269511,0.11,0.0010025645601165866,44,100,11
800.0,19269513,19269560,0.047619047619047616,0.004985341604398024,51,126,6
801.0,19269562,19269610,0.10638297872340426,0.0011320652543911694,42,141,15
802.0,19269612,19269661,0.0873015873015873,0.005514296262427034,46,126,11
803.0,19269662,19269711,0.09523809523809523,0.0022846065455474907,33,84,8
804.0,19269712,19269761,0.07526881720430108,0.0025405060880168274,45,93,7
805.0,19269762,19269811,0.010526315789473684,0.00496385443265366,51,95,1
806.0,19269812,19269860,0.075,0.0015147429718813303,43,80,6
807.0,19269861,19269909,0.09278350515463918,0.005277143502674814,42,97,9
808.0,19269910,19269957,0.09183673469387756,0.0027889598983484344,25,98,9
809.0,19269959,19270008,0.042735042735042736,0.0055071541552422325,26,117,5
810.0,19270009,19270058,0.12307692307692308,0.002911572863402547,34,130,16
811.0,19270059,19270107,0.025,0.0060667129158836425,40,80,2
812.0,19270110,19270157,0.0196078431372549,0.0027242007129589354,25,102,2
813.0,19270159,19270208,0.045454545454545456,0.00354375659865372,39,88,4
814.0,19270209,19270258,0.10743801652892562,0.0010005357151277347,80,121,13
815.0,19270259,19270308,0.10112359550561797,0.0010563757685133214,65,89,9
816.0,19270309,19270358,0.08661417322834646,0.004430956190463031,56,127,11
817.0,19270361,19270408,0.16,0.0006173313332613445,50,150,24
818.0,19270409,19270455,0.0873015873015873,0.0011329429099932059,27,126,11
819.0,19270458,19270506,0.06428571428571428,0.004354120180305014,16,140,9
820.0,19270509,19270554,0.04861111111111111,0.0009828259468353322,42,144,7
821.0,19270556,19270604,0.11764705882352941,0.0009491312623446271,34,119,14
822.0,19270605,19270654,0.06493506493506493,0.0013901573328839716,36,77,5
823.0,19270655,19270702,0.026785714285714284,0.00395967144114797,26,112,3
824.0,19270705,19270754,0.08695652173913043,0.005092899385597371,35,69,6
825.0,19270755,19270804,0.04395604395604396,0.004889372094902595,44,91,4
826.0,19270806,19270854,0.0945945945945946,0.003508092993622849,40,74,7
827.0,19270856,19270904,0.09195402298850575,0.004296017549165431,36,87,8
828.0,19270905,19270953,0.07894736842105263,0.004617345995780418,44,76,6
829.0,19270954,19271003,0.25263157894736843,0.0009058082158222839,47,95,24
830.0,19271004,19271053,0.024096385542168676,0.006044337395134247,43,83,2
831.0,19271054,19271102,0.10204081632653061,0.0010019563551177475,43,98,10
832.0,19271103,19271148,0.03896103896103896,0.0013134882811660833,66,77,3
833.0,19271150,19271198,0.39263803680981596,0.000579369567874188,38,163,64
834.0,19271200,19271249,0.0625,0.002937038420399004,28,80,5
835.0,19271250,19271299,0.03296703296703297,0.0013461267489291544,41,91,3
836.0,19271300,19271348,0.028169014084507043,0.003169648276372523,23,71,2
837.0,19271351,19271398,0.17796610169491525,0.0010049814177490644,37,118,21
838.0,19271399,19271445,0.05970149253731343,0.0025370559260099773,43,67,4
839.0,19271449,19271497,0.04580152671755725,0.0032535923815235515,59,131,6
840.0,19271499,19271547,0.07058823529411765,0.00217574092243673,37,85,6
841.0,19271548,19271596,0.010101010101010102,0.006224872145272669,89,99,1
842.0,19271597,19271646,0.14741035856573706,0.001957261398609163,72,251,37
843.0,19271647,19271695,0.05511811023622047,0.0043662430828653375,16,127,7
844.0,19271703,19271743,0.05555555555555555,0.0023603933568245345,15,36,2
845.0,19271745,19271791,0.024390243902439025,0.0027830754783565357,73,123,3
846.0,19271793,19271842,0.07228915662650602,0.002469274476253234,21,83,6
847.0,19271843,19271891,0.04938271604938271,0.002555789212631757,103,162,8
848.0,19271895,19271942,0.1527777777777778,0.0019032346104720162,20,72,11
849.0,19271944,19271992,0.09574468085106383,0.003944900548512534,29,94,9
850.0,19271994,19272041,0.03225806451612903,0.006060186352354184,27,62,2
851.0,19272047,19272092,0.034482758620689655,0.004433463422762668,37,58,2
852.0,19272093,19272142,0.04065040650406504,0.004222912396182903,51,123,5
853.0,19272143,19272192,0.07042253521126761,0.001327667695241807,51,71,5
854.0,19272193,19272242,0.035211267605633804,0.0016024125214556717,25,142,5
855.0,19272243,19272290,0.1724137931034483,0.0009349508711822403,25,87,15
856.0,19272293,19272340,0.035398230088495575,0.0028596534308932527,32,113,4
857.0,19272342,19272389,0.10227272727272728,0.002169582327495112,30,88,9
858.0,19272393,19272439,0.09523809523809523,0.0031054803112439398,28,84,8
859.0,19272441,19272489,0.056910569105691054,0.004336081168479781,25,123,7
860.0,19272493,19272539,0.049019607843137254,0.002170845214186227,31,102,5
861.0,19272540,19272589,0.13953488372093023,0.001158856601709298,33,86,12
862.0,19272591,19272638,0.1111111111111111,0.0010327193375399266,26,54,6
863.0,19272640,19272688,0.043478260869565216,0.0010139259403585958,21,69,3
864.0,19272689,19272737,0.05813953488372093,0.0010435045488297375,25,86,5
865.0,19272739,19272786,0.06666666666666667,0.0010004118463426096,25,75,5
866.0,19272790,19272836,0.05319148936170213,0.0015757038910404761,28,94,5
867.0,19272838,19272884,0.04395604395604396,0.0010772987538072401,28,91,4
868.0,19272887,19272932,0.08333333333333333,0.00039764990615246635,11,96,8
869.0,19272934,19272980,0.017167381974248927,0.0009808754806983444,27,233,4
870.0,19272985,19273032,0.15384615384615385,0.000986655737977001,9,65,10
871.0,19273033,19273081,0.05555555555555555,0.004712158967691868,44,90,5
872.0,19273082,19273131,0.104,0.001009110809490939,30,125,13
873.0,19273132,19273178,0.1937984496124031,0.0004594663535532606,15,129,25
874.0,19273180,19273227,0.14838709677419354,0.0011819608726053264,23,155,23
875.0,19273230,19273276,0.06976744186046512,0.005499975216897081,28,129,9
876.0,19273277,19273326,0.1568627450980392,0.002601282456116571,25,153,24
877.0,19273327,19273376,0.047244094488188976,0.00395973851256696,27,127,6
878.0,19273378,19273426,0.05,0.006023089967566569,23,160,8
879.0,19273427,19273476,0.05660377358490566,0.0026665732010027134,21,106,6
880.0,19273480,19273525,0.10526315789473684,0.0018766443038306683,16,76,8
881.0,19273527,19273576,0.04395604395604396,0.002930597263821006,13,91,4
882.0,19273579,19273622,0.12,0.00103091319227279,13,75,9
883.0,19273626,19273672,0.02564102564102564,0.0018456806174384508,16,78,2
884.0,19273675,19273723,0.11267605633802817,0.0008537778651013008,33,71,8
885.0,19273724,19273771,0.13846153846153847,0.001005522209796403,27,65,9
886.0,19273773,19273818,0.17647058823529413,0.0010140716773045428,15,68,12
887.0,19273823,19273871,0.0847457627118644,0.0054243284164096845,21,59,5
888.0,19273872,19273916,0.09523809523809523,0.006032059753934033,20,63,6
889.0,19273921,19273968,0.0425531914893617,0.006039061885166525,24,94,4
890.0,19273969,19274015,0.03571428571428571,0.0029378307885107808,28,84,3
891.0,19274017,19274065,0.0410958904109589,0.0021672452032553747,45,73,3
892.0,19274066,19274115,0.09210526315789473,0.006024632127548547,20,76,7
893.0,19274118,19274164,0.037037037037037035,0.0014038632255636264,28,81,3
894.0,19274165,19274213,0.11494252873563218,0.0010929874012230386,21,87,10
895.0,19274214,19274262,0.020618556701030927,0.005295651273410172,18,97,2
896.0,19274263,19274312,0.08235294117647059,0.0009381931604584074,29,85,7
897.0,19274313,19274362,0.0847457627118644,0.0016865419686966441,31,118,10
898.0,19274364,19274411,0.05128205128205128,0.002811814366477201,38,117,6
899.0,19274412,19274461,0.05511811023622047,0.004592973548295668,44,127,7
900.0,19274462,19274510,0.06521739130434782,0.003217382338647834,54,92,6
901.0,19274512,19274560,0.10227272727272728,0.002871503569783154,29,88,9
902.0,19274562,19274607,0.10810810810810811,0.002659536603667083,28,74,8
903.0,19274610,19274659,0.04411764705882353,0.0032756490852649286,26,68,3
904.0,19274660,19274709,0.038834951456310676,0.005995636971411726,26,103,4
905.0,19274711,19274757,0.016666666666666666,0.006027151080898701,34,60,1
906.0,19274760,19274805,0.1,0.004340048107815884,26,80,8
907.0,19274810,19274856,0.09278350515463918,0.00600320525502602,23,97,9
908.0,19274860,19274906,0.09210526315789473,0.0049078735475004374,32,76,7
909.0,19274910,19274957,0.0425531914893617,0.005577749052666854,22,94,4
910.0,19274959,19275005,0.056179775280898875,0.0015654705137817166,24,89,5
911.0,19275009,19275052,0.014925373134328358,0.0037781112637552757,31,67,1
912.0,19275053,19275102,0.05405405405405406,0.004406132165452044,25,74,4
913.0,19275103,19275150,0.16883116883116883,0.0009075706927644217,38,77,13
914.0,19275151,19275197,0.09090909090909091,0.0042667823494535444,47,88,8
915.0,19275199,19275247,0.05426356589147287,0.0036843664379880283,37,129,7
916.0,19275250,19275298,0.0847457627118644,0.0014576061978960344,29,59,5
917.0,19275299,19275347,0.03508771929824561,0.004160240981718966,37,57,2
918.0,19275349,19275395,0.05,0.004160397071726264,16,40,2
919.0,19275398,19275445,0.1346153846153846,0.005010071822582927,16,52,7
920.0,19275449,19275495,0.24074074074074073,0.0010434266353971885,24,54,13
921.0,19275496,19275545,0.16666666666666666,0.0009718252451749205,25,72,12
922.0,19275546,19275593,0.06153846153846154,0.004400350753385959,36,65,4
923.0,19275595,19275644,0.19047619047619047,0.0015110016837207919,34,63,12
924.0,19275645,19275694,0.07692307692307693,0.0052286457341158095,34,52,4
925.0,19275695,19275740,0.017857142857142856,0.004634856683108845,28,56,1
926.0,19275746,19275793,0.1320754716981132,0.001342625542121973,43,53,7
927.0,19275794,19275843,0.08333333333333333,0.0008719972142614948,32,72,6
928.0,19275844,19275891,0.08333333333333333,0.0010358004606933382,44,72,6
929.0,19275894,19275941,0.02702702702702703,0.0013017427084315346,32,74,2
930.0,19275943,19275991,0.07207207207207207,0.005715633155257741,41,111,8
931.0,19275992,19276039,0.08653846153846154,0.0011848120183839148,27,104,9
932.0,19276042,19276091,0.054945054945054944,0.004600438041027358,30,91,5
933.0,19276093,19276139,0.07692307692307693,0.005691073800813968,19,78,6
934.0,19276143,19276187,0.16,0.0021783375417194313,37,75,12
935.0,19276190,19276238,0.1728395061728395,0.0011167305352852174,22,81,14
936.0,19276239,19276286,0.3850574712643678,0.0008145201762960688,34,174,67
937.0,19276291,19276337,0.0872093023255814,0.001213776129576302,33,172,15
938.0,19276343,19276385,0.08860759493670886,0.000995575096961503,16,79,7
939.0,19276388,19276437,0.04819277108433735,0.005727981541246313,32,83,4
940.0,19276438,19276484,0.07575757575757576,0.0010826633727899554,37,66,5
941.0,19276491,19276537,0.0502283105022831,0.00023852115236609433,18,219,11
942.0,19276538,19276586,0.1111111111111111,0.0009823309089706557,42,90,10
943.0,19276588,19276636,0.07792207792207792,0.0021623236924413064,48,77,6
944.0,19276638,19276685,0.0625,0.0036896895476085526,34,80,5
945.0,19276687,19276735,0.1267605633802817,0.0028269647851596564,46,71,9
946.0,19276736,19276782,0.05357142857142857,0.004233992669663353,34,56,3
947.0,19276784,19276832,0.12727272727272726,0.004073750113856517,43,55,7
948.0,19276833,19276879,0.11475409836065574,0.005730916518520206,54,61,7
949.0,19276883,19276927,0.08333333333333333,0.005790657720491223,32,72,6
950.0,19276931,19276979,0.05405405405405406,0.0053945041406940186,43,74,4
951.0,19276980,19277029,0.109375,0.005115628168950387,34,64,7
952.0,19277030,19277079,0.023809523809523808,0.002790085538014779,35,84,2
953.0,19277080,19277129,0.08108108108108109,0.0030191306288319705,23,74,6
954.0,19277131,19277178,0.13,0.004186051456868597,17,100,13
955.0,19277179,19277227,0.049019607843137254,0.0013442780482843665,19,102,5
956.0,19277229,19277275,0.029197080291970802,0.006007711407817384,25,137,4
957.0,19277277,19277325,0.07462686567164178,0.004586143389561344,52,134,10
958.0,19277326,19277375,0.06542056074766354,0.005745251743020767,19,107,7
959.0,19277378,19277424,0.041666666666666664,0.0046727804907980225,15,96,4
960.0,19277427,19277473,0.11320754716981132,0.002495854101673765,21,106,12
961.0,19277476,19277525,0.018018018018018018,0.003194287784391265,31,111,2
962.0,19277527,19277574,0.0759493670886076,0.0059285502115074915,34,79,6
963.0,19277575,19277622,0.07627118644067797,0.0011738860483548846,33,118,9
964.0,19277624,19277672,0.16,0.004342682908753609,11,100,16
965.0,19277675,19277722,0.09523809523809523,0.0004970980509117882,16,84,8
966.0,19277724,19277772,0.05063291139240506,0.004777650980107042,22,79,4
967.0,19277773,19277822,0.12244897959183673,0.004221425648107121,21,98,12
968.0,19277826,19277871,0.03389830508474576,0.004326945176174038,27,118,4
969.0,19277872,19277921,0.0547945205479452,0.0020106891756070757,37,146,8
970.0,19277924,19277970,0.08270676691729323,0.0029093249939270874,29,133,11
971.0,19277971,19278019,0.12781954887218044,0.001247858765640343,52,133,17
972.0,19278021,19278070,0.044642857142857144,0.004729098655418207,27,112,5
973.0,19278071,19278119,0.125,0.0009006514187540727,22,136,17
974.0,19278122,19278169,0.07207207207207207,0.003517416705164393,21,111,8
975.0,19278170,19278217,0.05084745762711865,0.005445482516101591,25,177,9
976.0,19278220,19278268,0.15343915343915343,0.005184664666785366,24,189,29
977.0,19278271,19278317,0.03680981595092025,0.004048119123551052,15,163,6
978.0,19278319,19278363,0.05442176870748299,0.0041537681098373245,16,147,8
979.0,19278368,19278414,0.07377049180327869,0.004441606738780187,27,122,9
980.0,19278417,19278465,0.07936507936507936,0.0025287514735924904,33,126,10
981.0,19278467,19278509,0.09,0.0009985241667067803,16,100,9
982.0,19278515,19278563,0.1111111111111111,0.001009548092893374,26,90,10
983.0,19278565,19278614,0.09821428571428571,0.0032171459203204464,31,112,11
984.0,19278615,19278663,0.04980842911877394,0.005153854640343041,19,261,13
985.0,19278664,19278713,0.045871559633027525,0.004565652808411807,42,109,5
986.0,19278714,19278763,0.04716981132075472,0.0032075886215145316,46,106,5
987.0,19278764,19278811,0.04201680672268908,0.003971910163744355,44,119,5
988.0,19278812,19278861,0.12244897959183673,0.0017493117459932144,41,98,12
989.0,19278865,19278910,0.047619047619047616,0.005065601136670063,29,63,3
990.0,19278912,19278959,0.0375,0.0024557680035773894,37,80,3
991.0,19278961,19279009,0.10576923076923077,0.0022689415807527367,25,104,11
992.0,19279012,19279060,0.047619047619047616,0.005947453849150514,23,126,6
993.0,19279061,19279110,0.05063291139240506,0.0045456297275196286,32,158,8
994.0,19279111,19279159,0.07142857142857142,0.0040713770827879815,27,126,9
995.0,19279161,19279204,0.0582010582010582,0.0045438110963287506,36,189,11
996.0,19279210,19279258,0.058823529411764705,0.0038534631105754578,20,187,11
997.0,19279259,19279308,0.015151515151515152,0.005430869339596423,24,132,2
998.0,19279309,19279358,0.031007751937984496,0.0013983048127852065,43,129,4
999.0,19279360,19279405,0.022727272727272728,0.004874620005484697,35,88,2
1000.0,19279408,19279457,0.039473684210526314,0.0040219850453712975,31,76,3
1001.0,19279459,19279507,0.05434782608695652,0.0010539311260256328,21,92,5
1002.0,19279509,19279556,0.03529411764705882,0.002374853624430935,25,85,3
1003.0,19279558,19279606,0.06837606837606838,0.001028133988734684,22,117,8
1004.0,19279607,19279654,0.09259259259259259,0.0010405292445862773,23,108,10
1005.0,19279655,19279702,0.07142857142857142,0.004118304686107355,20,140,10
1006.0,19279704,19279753,0.050505050505050504,0.004318071407904247,33,99,5
1007.0,19279757,19279802,0.0962962962962963,0.0011959346742325466,25,135,13
1008.0,19279804,19279849,0.05357142857142857,0.003972320533283069,16,112,6
1009.0,19279852,19279897,0.08411214953271028,0.0010647255565963873,19,107,9
1010.0,19279900,19279945,0.04854368932038835,0.0010132437217228157,47,103,5
1011.0,19279949,19279997,0.0472972972972973,0.005098500520140482,26,148,7
1012.0,19279998,19280046,0.08379888268156424,0.0018400481638392997,26,179,15
1013.0,19280049,19280095,0.01904761904761905,0.0037478797738294415,18,210,4
1014.0,19280097,19280145,0.04608294930875576,0.00609407389253254,24,217,10
1015.0,19280148,19280194,0.08536585365853659,0.005633561920028188,25,164,14
1016.0,19280197,19280246,0.09558823529411764,0.0025098610097123728,19,136,13
1017.0,19280247,19280294,0.05084745762711865,0.004632555033853299,35,118,6
1018.0,19280296,19280343,0.1276595744680851,0.004051749896519252,30,141,18
1019.0,19280345,19280394,0.050955414012738856,0.003334939837111747,17,157,8
